Tank number,Treatment Temperature,Treatment pCO2,Measurement date,Temp [degC],QF,Sal [dimensionless],QF,pH,QF,TA [umol kg-1],QF,Nitrite [uM],QC,Nitrate [uM],QC,Ammonium [uM],QC,Silicate [uM],QC,Phosphate [uM],QC,DIC [umol kg-1],QC,pCO2(sw) [uatm],QC,Omega Cal,QC,Omega Arag,QC,HCO3- [umol kg-1],QC,CO32- [umol kg-1],QC,CO2 [umol kg-1],QC
1.1,380,Amb,14/02/2011,11.33,1,34.18,1,7.975,1,2131,1,0.51,1,19.24,1,9.72,1,9.81,1,0.93,1,2019.2,3,589.6,3,2.13,3,1.36,3,1905.4,3,89,3,24.8,3
2.5,380,Amb,14/02/2011,11.33,1,34.18,1,7.975,1,2131,2,0.3,1,17.92,1,7.69,1,8.25,1,0.22,1,2019.9,3,589.8,3,2.13,3,1.36,3,1906.1,3,89,3,24.8,3
3.3,380,Amb,14/02/2011,11.33,1,34.18,1,7.975,1,2131,2,0.23,1,9.04,1,13.58,1,5.42,1,0.93,1,2019.3,3,589.6,3,2.13,3,1.36,3,1905.5,3,89,3,24.8,3
4.2,380,Amb,14/02/2011,11.33,1,34.18,1,7.975,1,2131,2,0.22,1,7.31,1,11.25,1,5.56,1,0.62,1,2019.6,3,589.7,3,2.13,3,1.36,3,1905.8,3,89,3,24.8,3
1.1,380,Amb,21/02/2011,11.48,1,34.13,1,7.975,1,2131,2,1.84,1,22.83,1,21.2,1,7.78,1,1.6,1,2018.1,3,590.5,3,2.14,3,1.36,3,1904.2,3,89.2,3,24.7,3
1.1,380,Amb,28/02/2011,10.58,1,34.23,1,8.095,1,2131,2,5.72,1,28.35,1,25.62,1,6.58,1,2.05,1,1977.9,3,429.8,3,2.66,3,1.69,3,1848.4,3,111,3,18.5,3
1.1,380,Amb,07/03/2011,10.88,1,34.33,1,7.993,1,2131,2,16.76,1,39.79,1,23.9,1,6.94,1,2.41,1,2012.9,3,559.8,3,2.18,3,1.39,3,1897.7,3,91.3,3,23.9,3
2.5,380,Amb,07/03/2011,10.88,1,34.33,1,7.993,1,2131,2,2.24,1,25.06,1,20.74,1,6.66,1,1.03,1,2014.3,3,560.2,3,2.18,3,1.39,3,1899.1,3,91.3,3,23.9,3
3.3,380,Amb,07/03/2011,10.88,1,34.33,1,7.993,1,2131,2,9.86,1,34.02,1,40.09,1,4.72,1,3.37,1,2012,3,559.5,3,2.18,3,1.39,3,1896.9,3,91.2,3,23.9,3
4.2,380,Amb,07/03/2011,10.88,1,34.33,1,7.993,1,2131,2,6.25,1,21.16,1,42.6,1,5.97,1,1.96,1,2013.4,3,559.9,3,2.18,3,1.39,3,1898.2,3,91.3,3,23.9,3
1.1,380,Amb,14/03/2011,10.18,1,34.33,1,7.965,1,2131,2,37.37,1,56.06,1,8.04,1,6.74,1,2.68,1,2025.3,3,597.4,3,2.02,3,1.28,3,1915,3,84.3,3,26,3
1.1,380,Amb,21/03/2011,10.05,1,34.38,1,7.758,1,2131,2,37.41,1,69.1,1,2.73,1,8.58,1,3.45,1,2088.1,3,998.1,3,1.3,3,0.82,3,1990.2,3,54.2,3,43.7,3
1.1,380,Amb,30/03/2011,10.43,1,34.5,1,8.125,1,2131,2,17.63,1,106.48,1,3.84,1,5.66,1,3.5,1,1963.9,3,395.4,3,2.82,3,1.79,3,1828.8,3,117.9,3,17.2,3
1.1,380,Amb,04/04/2011,9.7,1,34.4,1,8.125,1,2131,2,3.71,1,96.62,1,1.53,1,3.53,1,2.96,1,1968.9,3,393.9,3,2.75,3,1.75,3,1836.4,3,115.1,3,17.4,3
2.5,380,Amb,04/04/2011,9.7,1,34.4,1,8.125,1,2131,2,17.42,1,46.19,1,32.22,1,2.61,1,0.51,1,1971.4,3,394.3,3,2.76,3,1.75,3,1838.7,3,115.3,3,17.4,3
3.3,380,Amb,04/04/2011,9.7,1,34.4,1,8.125,1,2131,2,49.35,1,60.64,1,1.02,1,1.55,1,2.12,1,1969.8,3,394,3,2.75,3,1.75,3,1837.2,3,115.2,3,17.4,3
4.2,380,Amb,04/04/2011,9.7,1,34.4,1,8.125,1,2131,2,34.31,1,33.65,1,2.58,1,1.18,1,0.94,1,1971,3,394.3,3,2.75,3,1.75,3,1838.3,3,115.2,3,17.5,3
1.1,380,Amb,11/04/2011,9.43,1,34.65,1,8.123,1,2131,2,0.61,1,138.64,1,1.23,1,2.22,1,3.94,1,1968.9,3,393.8,3,2.73,3,1.73,3,1837,3,114.3,3,17.6,3
1.1,380,Amb,19/04/2011,9.58,1,34.5,1,8.013,1,2131,2,0.79,1,147.55,1,1.51,1,0.84,1,4.09,1,2009.5,3,524.7,3,2.19,3,1.39,3,1894.6,3,91.6,3,23.3,3
1.1,380,Amb,04/05/2011,10.33,1,34.73,1,7.945,1,2131,2,0.27,1,117.72,1,1.19,1,2.45,1,2.93,1,2029.3,3,626.7,3,1.96,3,1.24,3,1920.2,3,82,3,27.1,3
1.1,380,Amb,10/05/2011,9.98,1,35.08,1,7.833,1,2131,2,0.17,1,121.37,1,1.16,1,0.71,1,2.72,1,2064.8,3,824.2,3,1.54,3,0.98,3,1964.1,3,64.6,3,36.1,3
2.5,380,Amb,10/05/2011,9.98,1,35.08,1,7.833,1,2131,2,29.51,1,66.12,1,1.32,1,0.62,1,0.26,1,2067.3,3,825.1,3,1.54,3,0.98,3,1966.5,3,64.7,3,36.1,3
3.3,380,Amb,10/05/2011,9.98,1,35.08,1,7.833,1,2131,2,0.55,1,91.76,1,2.16,1,1.75,1,2.3,1,2065.2,3,824.3,3,1.54,3,0.98,3,1964.5,3,64.7,3,36,3
4.2,380,Amb,10/05/2011,9.98,1,35.08,1,7.833,1,2131,2,0.37,1,85.53,1,1.32,1,0.94,1,1.02,1,2066.5,3,824.8,3,1.54,3,0.98,3,1965.7,3,64.7,3,36.1,3
1.1,380,Amb,16/05/2011,10.45,1,35,1,7.803,1,2131,2,0.33,1,118.35,1,2.14,1,1.11,1,2.62,1,2072.4,3,892.4,3,1.46,3,0.93,3,1972.5,3,61.5,3,38.4,3
1.1,380,Amb,23/05/2011,10.3,1,35.15,1,7.858,1,2131,2,0.84,1,100.41,1,4.07,1,1.48,1,2.53,1,2055.9,3,776.4,3,1.64,3,1.05,3,1953.3,3,69,3,33.6,3
1.1,380,Amb,01/06/2011,10.05,1,35.25,1,7.865,1,2131,2,0.17,1,110.62,1,2.26,1,0.97,1,2.67,1,2054.2,3,760.5,3,1.66,3,1.05,3,1951.4,3,69.7,3,33.1,3
1.1,380,Amb,06/06/2011,12.25,1,35.3,1,7.88,1,2131,2,0.1,1,77.04,1,1.35,1,2.07,1,1.71,1,2041.4,3,747.5,3,1.84,3,1.17,3,1933.8,3,77.2,3,30.4,3
2.5,380,Amb,06/06/2011,12.25,1,35.3,1,7.88,1,2131,2,1.79,1,102.62,1,2.12,1,1.54,1,0.82,1,2042.3,3,747.8,3,1.84,3,1.17,3,1934.7,3,77.3,3,30.3,3
3.3,380,Amb,06/06/2011,12.25,1,35.3,1,7.88,1,2131,2,0.13,1,94.24,1,1.35,1,1.6,1,2.11,1,2041,3,747.3,3,1.84,3,1.17,3,1933.4,3,77.2,3,30.4,3
4.2,380,Amb,06/06/2011,12.25,1,35.3,1,7.88,1,2131,2,0.16,1,71.84,1,3.22,1,2.45,1,1.35,1,2041.7,3,747.6,3,1.84,3,1.17,3,1934.1,3,77.2,3,30.4,3
1.1,380,Amb,15/06/2011,12.18,1,35.3,1,7.88,1,2131,2,0.1,1,92.77,1,0.95,1,1.03,1,2.16,1,2041.2,3,746.8,3,1.83,3,1.17,3,1933.8,3,77,3,30.4,3
2.1,380,Amb,20/06/2011,11.68,1,35.25,1,7.98,1,2131,2,0.3,1,110.83,1,1.3,1,0.9,1,0.96,1,2011,3,577.7,3,2.22,3,1.41,3,1893.9,3,93.2,3,23.9,3
2.1,380,Amb,27/06/2011,11.53,1,35.28,1,8.095,1,2131,2,0.15,1,109.49,1,1.24,1,0.91,1,1.2,1,1968.1,3,428.2,3,2.78,3,1.78,3,1833.2,3,117.1,3,17.8,3
2.1,380,Amb,04/07/2011,11.95,1,35.4,1,8.12,1,2131,2,0.12,1,84.51,1,0.96,1,0.89,1,0.97,1,1955,3,401.7,3,2.97,3,1.9,3,1813.7,3,124.9,3,16.4,3
2.5,380,Amb,04/07/2011,11.95,1,35.4,1,8.12,1,2382.1,1,0.23,1,61.74,1,1.03,1,1.06,1,0.74,1,2193.1,3,450.6,3,3.33,3,2.13,3,2034.6,3,140.1,3,18.4,3
3.3,380,Amb,04/07/2011,11.95,1,35.4,1,8.12,1,2318.4,1,0.09,1,63.28,1,1.01,1,0.81,1,1.12,1,2132.4,3,438.1,3,3.24,3,2.07,3,1978.2,3,136.2,3,18,3
3.4,380,Amb,04/07/2011,11.95,1,35.4,1,8.12,1,2318.4,2,0.07,1,41.62,1,1.27,1,1.5,1,1.09,1,2132.4,3,438.1,3,3.24,3,2.07,3,1978.3,3,136.2,3,17.9,3
2.1,380,Amb,11/07/2011,14.23,1,34.95,1,8.103,1,2318.4,2,0.12,1,88.41,1,1.23,1,2.07,1,1.53,1,2128.8,3,467.9,3,3.32,3,2.13,3,1971.5,3,139.4,3,17.9,3
2.1,380,Amb,09/08/2011,14.23,1,34.95,1,8.103,1,2318.4,2,0.13,1,113.21,1,1.45,1,0.62,1,0.92,1,2129.4,3,468.1,3,3.32,3,2.13,3,1972.1,3,139.4,3,17.9,3
2.5,380,Amb,09/08/2011,14.23,1,34.95,1,8.103,1,2318.4,2,0.14,1,124.91,1,1.09,1,0.82,1,0.92,1,2129.4,3,468.1,3,3.32,3,2.13,3,1972.1,3,139.4,3,17.9,3
3.3,380,Amb,09/08/2011,14.23,1,34.95,1,8.103,1,2318.4,2,0.15,1,64.53,1,1.92,1,0.6,1,0.86,1,2129.5,3,468.1,3,3.32,3,2.13,3,1972.1,3,139.4,3,18,3
3.4,380,Amb,09/08/2011,14.23,1,34.95,1,8.103,1,2318.4,2,0.15,1,112.4,1,1.84,1,0.97,1,1.31,1,2129,3,468,3,3.32,3,2.13,3,1971.7,3,139.4,3,17.9,3
2.1,380,Amb,07/09/2011,14.23,1,34.95,1,8.103,1,2415,1,0.21,1,108.43,1,1.46,1,0.78,1,0.73,1,2221,3,488.2,3,3.47,3,2.22,3,2056.9,3,145.4,3,18.7,3
2.5,380,Amb,07/09/2011,14.23,1,34.95,1,8.103,1,2415,2,0.13,1,88.95,1,1.09,1,0.64,1,0.57,1,2221.2,3,488.2,3,3.47,3,2.22,3,2057.1,3,145.4,3,18.7,3
3.3,380,Amb,07/09/2011,14.23,1,34.95,1,8.103,1,2415,2,0.22,1,61.03,1,2.5,1,0.58,1,0.4,1,2221.3,3,488.3,3,3.47,3,2.22,3,2057.2,3,145.5,3,18.6,3
3.4,380,Amb,07/09/2011,14.23,1,34.95,1,8.103,1,2415,2,0.11,1,52.55,1,1.12,1,0.65,1,0.47,1,2221.3,3,488.3,3,3.47,3,2.22,3,2057.1,3,145.5,3,18.7,3
2.1,380,Amb,10/10/2011,15.95,1,35.05,1,8.065,1,2181.3,1,0.18,1,51.78,1,0.31,1,1.03,1,1.11,1,2005.6,3,491.4,3,3.05,3,1.96,3,1859.8,3,128,3,17.8,3
2.5,380,Amb,10/10/2011,15.95,1,35.05,1,8.065,1,2087.7,1,0.15,1,118.99,1,1.93,1,1.39,1,1.29,1,1916.7,3,469.6,3,2.92,3,1.88,3,1777.3,3,122.3,3,17.1,3
3.3,380,Amb,10/10/2011,15.95,1,35.05,1,8.065,1,2087.7,2,0.13,1,53.43,1,1.54,1,0.85,1,0.66,1,1917.3,3,469.8,3,2.92,3,1.88,3,1777.9,3,122.4,3,17,3
3.4,380,Amb,10/10/2011,15.95,1,35.05,1,8.065,1,2087.7,2,0.12,1,41.26,1,1.62,1,1.16,1,0.66,1,1917.3,3,469.8,3,2.92,3,1.88,3,1777.9,3,122.4,3,17,3
2.1,380,Amb,20/10/2011,15.95,1,35.05,1,8.065,1,2087.7,2,0.2,1,40.41,1,0.39,1,1.48,1,1.03,1,1916.9,3,469.7,3,2.92,3,1.88,3,1777.6,3,122.3,3,17,3
2.1,380,Amb,25/10/2011,15.95,1,35.05,1,8.065,1,2154.8,1,0.14,1,41.69,1,0.04,1,0.85,1,1.02,1,1980.6,3,485.3,3,3.01,3,1.94,3,1836.6,3,126.4,3,17.6,3
2.1,380,Amb,31/10/2011,16.05,1,34.83,1,8.018,1,2208.1,1,0.15,1,41.36,1,0.18,1,1.1,1,1.07,1,2051.4,3,564.7,3,2.81,3,1.81,3,1913.1,3,117.8,3,20.5,3
2.1,380,Amb,07/11/2011,15.25,1,34.95,1,8.063,1,2226.3,1,0.17,1,43.58,1,0.33,1,0.93,1,1.02,1,2053.7,3,502.5,3,3.04,3,1.95,3,1907.7,3,127.3,3,18.7,3
2.5,380,Amb,07/11/2011,15.25,1,34.95,1,8.063,1,2171,1,0.24,1,104.76,1,2.25,1,0.76,1,0.86,1,2001.3,3,489.7,3,2.96,3,1.9,3,1859.1,3,124.1,3,18.1,3
3.3,380,Amb,07/11/2011,15.25,1,34.95,1,8.063,1,2176.9,1,0.14,1,45.9,1,1.42,1,0.94,1,0.68,1,2007.1,3,491.1,3,2.97,3,1.91,3,1864.4,3,124.4,3,18.3,3
3.4,380,Amb,07/11/2011,15.25,1,34.95,1,8.063,1,2316.7,1,0.19,1,36.01,1,0.7,1,0.94,1,0.55,1,2140,3,523.7,3,3.16,3,2.03,3,1987.9,3,132.7,3,19.4,3
2.1,380,Amb,21/11/2011,14.68,1,35.03,1,8.035,1,2211.8,1,0.17,1,39,1,0.15,1,0.67,1,0.77,1,2054.4,3,534.6,3,2.81,3,1.8,3,1916.4,3,117.9,3,20.1,3
2.1,380,Amb,12/12/2011,12.9,1,35.03,1,8.015,1,2305.5,1,0.2,1,35.16,1,0.15,1,1.29,1,1,1,2161.2,3,579.4,3,2.67,3,1.71,3,2026,3,112.1,3,23.1,3
2.5,380,Amb,12/12/2011,12.9,1,35.03,1,8.015,1,2305.5,2,0.12,1,88.03,1,1.23,1,0.99,1,0.78,1,2161.4,3,579.5,3,2.67,3,1.71,3,2026.3,3,112.1,3,23,3
3.3,380,Amb,12/12/2011,12.9,1,35.03,1,8.015,1,2305.5,2,0.21,1,43.65,1,1.46,1,2.65,1,0.89,1,2161.2,3,579.4,3,2.67,3,1.71,3,2026.1,3,112.1,3,23,3
3.4,380,Amb,12/12/2011,12.9,1,35.03,1,8.015,1,2305.5,2,0.26,1,30.58,1,0.33,1,1.72,1,0.33,1,2161.8,3,579.6,3,2.67,3,1.71,3,2026.7,3,112.1,3,23,3
2.1,380,Amb,19/12/2011,13.15,1,34.95,1,8.018,1,2203.2,1,0.22,1,31.85,1,0.29,1,1.55,1,0.86,1,2061,3,550.3,3,2.58,3,1.65,3,1931,3,108.2,3,21.8,3
2.1,380,Amb,09/01/2012,12.18,1,34.88,1,8.105,1,2238.4,1,0.12,1,33,1,0.3,1,4.04,1,1.95,1,2063.9,3,442.6,3,3.02,3,1.93,3,1919,3,126.9,3,18,3
2.5,380,Amb,09/01/2012,12.18,1,34.88,1,8.105,1,2246.7,1,0.12,1,83.64,1,0.19,1,0.46,1,0.33,1,2073.5,3,444.7,3,3.04,3,1.94,3,1928,3,127.4,3,18.1,3
3.3,380,Amb,09/01/2012,12.18,1,34.88,1,8.105,1,2151.6,1,0.23,1,58.91,1,1.35,1,3.67,1,2,1,1981.4,3,425,3,2.9,3,1.85,3,1842.3,3,121.8,3,17.3,3
3.4,380,Amb,09/01/2012,12.18,1,34.88,1,8.105,1,2197.6,1,0.28,1,52.03,1,1.81,1,1.16,1,0.61,1,2026.6,3,434.6,3,2.97,3,1.9,3,1884.3,3,124.6,3,17.7,3
2.1,380,Amb,18/01/2012,10.65,1,34.9,1,8.023,1,2234.9,1,0.06,1,35.07,1,0.02,1,0.99,1,0.85,1,2102.4,3,540.5,3,2.45,3,1.56,3,1976.6,3,102.7,3,23.1,3
2.1,380,Amb,24/01/2012,11.73,1,34.83,1,8.078,1,2215.4,1,0.19,1,37.74,1,0.54,1,0.8,1,0.9,1,2057.1,3,469,3,2.8,3,1.78,3,1920.4,3,117.3,3,19.4,3
2.1,380,Amb,02/02/2012,10.6,1,34.88,1,8.073,1,2232.9,1,0.19,1,33.84,1,0.48,1,0.48,1,0.78,1,2081.7,3,474.6,3,2.7,3,1.72,3,1948.1,3,113.3,3,20.3,3
2.1,380,Amb,07/02/2012,10.73,1,34.78,1,8.073,1,2231.4,1,0.11,1,33.08,1,0.02,1,0.49,1,0.61,1,2080.3,3,475.3,3,2.7,3,1.72,3,1946.6,3,113.4,3,20.3,3
2.5,380,Amb,07/02/2012,10.68,1,34.83,1,8.083,1,2250.4,1,0.05,1,26.32,1,0.04,1,0.51,1,0.09,1,2095,3,466.8,3,2.78,3,1.77,3,1958.3,3,116.7,3,20,3
3.3,380,Amb,07/02/2012,10.68,1,34.83,1,8.083,1,2194.6,1,0.08,1,36.11,1,0.11,1,1.22,1,0.58,1,2041.1,3,454.8,3,2.71,3,1.73,3,1908,3,113.7,3,19.4,3
3.4,380,Amb,07/02/2012,10.68,1,34.83,1,8.083,1,2211.9,1,0.09,1,28.58,1,0.16,1,0.63,1,0.12,1,2058.2,3,458.6,3,2.73,3,1.74,3,1923.9,3,114.6,3,19.7,3
2.1,380,Amb,17/02/2012,8.3,1,34.35,1,8.008,1,2217.4,1,0.16,1,37.41,1,0.24,1,0.47,1,0.76,1,2104.9,3,549.2,3,2.16,3,1.37,3,1988.9,3,90.5,3,25.5,3
2.1,380,Amb,24/02/2012,7.6,1,34.53,1,7.98,1,2185.7,1,0.05,1,29.91,1,0.03,1,1.34,1,0.5,1,2086.3,3,576.3,3,1.97,3,1.25,3,1976.3,3,82.6,3,27.4,3
2.1,380,Amb,02/03/2012,9.55,1,34.73,1,8.053,1,2211.8,1,0.16,1,28.29,1,0.52,1,0.63,1,0.36,1,2075.8,3,491.6,3,2.48,3,1.58,3,1950,3,103.9,3,21.9,3
2.1,380,Amb,06/03/2012,9.78,1,34.8,1,8.058,1,2178.1,1,0.15,1,28.97,1,0.23,1,0.57,1,0.36,1,2040,3,478.3,3,2.49,3,1.58,3,1914.6,3,104.3,3,21.1,3
2.5,380,Amb,06/03/2012,9.78,1,34.8,1,8.058,1,2254.6,1,0.16,1,15.36,1,0.29,1,2.4,1,0.31,1,2113.5,3,495.5,3,2.58,3,1.64,3,1983.6,3,108,3,21.9,3
3.3,380,Amb,06/03/2012,10.45,1,34.85,1,8.033,1,2186.5,1,0.11,1,14.08,1,0.5,1,0.65,1,0.16,1,2054,3,514.7,3,2.43,3,1.54,3,1930,3,101.7,3,22.3,3
3.4,380,Amb,06/03/2012,10.45,1,34.85,1,8.033,1,2254,1,0.07,1,7.08,1,0.31,1,0.46,1,0.06,1,2119.1,3,531,3,2.5,3,1.59,3,1991.2,3,105,3,22.9,3
2.1,380,Amb,16/03/2012,10.45,1,34.68,1,8.053,1,2259.5,1,0.17,1,30.38,1,0.37,1,0.38,1,0.29,1,2117.4,3,506.5,3,2.6,3,1.66,3,1986.4,3,109.1,3,21.9,3
2.1,380,Amb,23/03/2012,10.45,1,34.68,1,8.053,1,2259.5,2,0.13,1,28.63,1,0.29,1,1.2,1,0.25,1,2117.4,3,506.5,3,2.6,3,1.66,3,1986.4,3,109.1,3,21.9,3
2.1,380,Amb,28/03/2012,10.45,1,34.68,1,8.053,1,2259.5,2,0.11,1,27.17,1,0.08,1,0.44,1,0.19,1,2117.5,3,506.5,3,2.6,3,1.66,3,1986.5,3,109.1,3,21.9,3
2.1,380,Amb,02/04/2012,10.45,1,34.68,1,8.053,1,2259.5,2,0.1,1,26.68,1,0.06,1,0.63,1,0.25,1,2117.4,3,506.5,3,2.6,3,1.66,3,1986.4,3,109.1,3,21.9,3
2.1,380,Amb,12/04/2012,10.45,1,34.68,1,8.053,1,2259.5,2,0.08,1,26.54,1,0.09,1,0.42,1,0.12,1,2117.5,3,506.5,3,2.6,3,1.66,3,1986.5,3,109.1,3,21.9,3
2.5,380,Amb,12/04/2012,10.45,1,34.68,1,8.053,1,2259.5,2,0.09,1,3.84,1,0.13,1,0.36,1,0.16,1,2117.5,3,506.5,3,2.6,3,1.66,3,1986.5,3,109.1,3,21.9,3
3.3,380,Amb,12/04/2012,10.45,1,34.68,1,8.053,1,2259.5,2,0.09,1,6.14,1,0.27,1,0.42,1,0.12,1,2117.5,3,506.5,3,2.6,3,1.66,3,1986.5,3,109.1,3,21.9,3
3.4,380,Amb,12/04/2012,10.45,1,34.68,1,8.053,1,2259.5,2,0.1,1,1.34,1,0.27,1,0.32,1,0.12,1,2117.5,3,506.5,3,2.6,3,1.66,3,1986.5,3,109.1,3,21.9,3
2.1,380,Amb,16/04/2012,10.45,1,34.68,1,8.053,1,2259.5,2,0.1,1,27.5,1,0.13,1,0.57,1,0.31,1,2117.3,3,506.5,3,2.6,3,1.66,3,1986.4,3,109.1,3,21.8,3
2.1,380,Amb,24/04/2012,10.45,1,34.68,1,8.053,1,2259.5,2,0.17,1,28.32,1,0.29,1,0.33,1,0.2,1,2117.4,3,506.5,3,2.6,3,1.66,3,1986.5,3,109.1,3,21.8,3
3.3,380,Amb,03/05/2012,10.45,1,34.68,1,8.053,1,2259.5,2,0.08,1,0.49,1,0.96,1,0.38,1,0.13,1,2117.5,3,506.5,3,2.6,3,1.66,3,1986.5,3,109.1,3,21.9,3
3.4,380,Amb,03/05/2012,10.45,1,34.68,1,8.053,1,2259.5,2,0.08,1,0.11,1,0.27,1,0.39,1,0.09,1,2117.6,3,506.5,3,2.6,3,1.66,3,1986.6,3,109.1,3,21.9,3
3.4,380,Amb,28/05/2012,10.45,1,34.68,1,8.053,1,2259.5,1,0.15,1,1.82,1,0.17,1,0.6,1,0.13,1,2117.5,3,506.5,3,2.6,3,1.66,3,1986.5,3,109.1,3,21.9,3
1.2,750,Amb,14/02/2011,11.53,1,34.35,1,7.848,1,2097.9,2,0.33,1,18.84,1,9.24,1,8.89,1,0.83,1,2026.3,3,799,3,1.62,3,1.03,3,1925,3,67.9,3,33.4,3
2.3,750,Amb,14/02/2011,11.53,1,34.35,1,7.848,1,2097.9,2,0.26,1,14.54,1,9.29,1,7.23,1,0.24,1,2026.9,3,799.2,3,1.62,3,1.03,3,1925.6,3,67.9,3,33.4,3
3.5,750,Amb,14/02/2011,11.53,1,34.35,1,7.848,1,2097.9,2,0.13,1,8,1,9.15,1,4.85,1,0.81,1,2026.3,3,799,3,1.62,3,1.03,3,1925.1,3,67.9,3,33.3,3
4.1,750,Amb,14/02/2011,11.53,1,34.35,1,7.848,1,2097.9,2,0.2,1,8.24,1,11.91,1,5.37,1,0.42,1,2026.7,3,799.2,3,1.62,3,1.03,3,1925.5,3,67.9,3,33.3,3
1.2,750,Amb,21/02/2011,11.4,1,34.35,1,7.848,1,2097.9,2,1.39,1,23.55,1,21.73,1,7.23,1,1.97,1,2025.6,3,797.6,3,1.62,3,1.03,3,1924.6,3,67.6,3,33.4,3
2.3,750,Amb,21/02/2011,11.4,1,34.35,1,7.848,1,2097.9,2,1.03,1,18.59,1,17.96,1,6.06,1,0.73,1,2026.9,3,798.1,3,1.62,3,1.03,3,1925.8,3,67.6,3,33.5,3
1.2,750,Amb,28/02/2011,10.7,1,34.4,1,7.96,1,2097.9,2,2.3,1,19.34,1,24.75,1,4.76,1,2.14,1,1992.7,3,597.9,3,2,3,1.27,3,1883.5,3,83.6,3,25.6,3
2.3,750,Amb,28/02/2011,10.7,1,34.4,1,7.96,1,2097.9,2,3.6,1,26.35,1,23.13,1,5.59,1,0.76,1,1994.1,3,598.3,3,2,3,1.27,3,1884.8,3,83.7,3,25.6,3
1.2,750,Amb,07/03/2011,10.78,1,34.35,1,7.845,1,2097.9,2,7.17,1,34.62,1,34.55,1,7.24,1,3.57,1,2027.3,3,798.3,3,1.57,3,1,3,1927.4,3,65.8,3,34.1,3
2.3,750,Amb,07/03/2011,10.78,1,34.35,1,7.845,1,2097.9,2,11.89,1,39.1,1,22.36,1,4.4,1,0.9,1,2030,3,799.3,3,1.57,3,1,3,1930,3,65.8,3,34.2,3
3.5,750,Amb,07/03/2011,10.78,1,34.35,1,7.845,1,2097.9,2,1.45,1,12.4,1,31.23,1,4.11,1,0.89,1,2030,3,799.3,3,1.57,3,1,3,1930,3,65.8,3,34.2,3
4.1,750,Amb,07/03/2011,10.78,1,34.35,1,7.845,1,2097.9,2,5.76,1,23.73,1,38.1,1,6.05,1,1.51,1,2029.4,3,799.1,3,1.57,3,1,3,1929.4,3,65.8,3,34.2,3
1.2,750,Amb,14/03/2011,9.8,1,34.48,1,7.858,1,2097.9,2,9.44,1,32.91,1,32.86,1,5.34,1,3.17,1,2027.1,3,765.1,3,1.57,3,1,3,1927.6,3,65.7,3,33.8,3
2.3,750,Amb,14/03/2011,9.8,1,34.48,1,7.858,1,2097.9,2,33.01,1,61.79,1,6.55,1,2.7,1,0.86,1,2029.4,3,765.9,3,1.57,3,1,3,1929.8,3,65.8,3,33.8,3
1.2,750,Amb,21/03/2011,10.23,1,34.5,1,7.845,1,2097.9,2,26.61,1,53.37,1,26.13,1,5.2,1,3.94,1,2028.5,3,792.9,3,1.55,3,0.98,3,1929.1,3,64.8,3,34.6,3
2.3,750,Amb,21/03/2011,10.23,1,34.5,1,7.845,1,2097.9,2,42.12,1,80.78,1,1.49,1,1.12,1,0.89,1,2031.6,3,794.1,3,1.55,3,0.99,3,1932.1,3,64.9,3,34.6,3
1.2,750,Amb,30/03/2011,11.05,1,34.75,1,8.028,1,2097.9,2,45.64,1,66.59,1,3.02,1,2.17,1,3.69,1,1964.5,3,501.8,3,2.34,3,1.49,3,1845.4,3,97.9,3,21.2,3
2.3,750,Amb,30/03/2011,11.05,1,34.75,1,8.028,1,2097.9,2,30.48,1,91.1,1,1.63,1,1.61,1,0.93,1,1967.3,3,502.5,3,2.34,3,1.49,3,1848,3,98.1,3,21.2,3
1.2,750,Amb,04/04/2011,10.18,1,34.63,1,8.028,1,2097.9,2,42.8,1,79.48,1,1.66,1,0.68,1,4.1,1,1968.9,3,498.8,3,2.27,3,1.44,3,1852.2,3,95,3,21.7,3
2.3,750,Amb,04/04/2011,10.18,1,34.63,1,8.028,1,2097.9,2,21.26,1,103.63,1,1.14,1,0.77,1,1.29,1,1971.7,3,499.5,3,2.27,3,1.44,3,1854.8,3,95.1,3,21.8,3
3.5,750,Amb,04/04/2011,10.18,1,34.63,1,8.028,1,2097.9,2,31.53,1,31.34,1,32.5,1,3.38,1,0.72,1,1972.2,3,499.6,3,2.27,3,1.44,3,1855.3,3,95.2,3,21.7,3
4.1,750,Amb,04/04/2011,10.18,1,34.63,1,8.028,1,2097.9,2,31.85,1,53.84,1,1.94,1,1.96,1,1.03,1,1972,3,499.5,3,2.27,3,1.44,3,1855,3,95.2,3,21.8,3
1.2,750,Amb,11/04/2011,9.43,1,34.78,1,8.048,1,2097.9,2,27.94,1,101.71,1,2.26,1,0.66,1,4.2,1,1964.5,3,470.1,3,2.31,3,1.47,3,1846.5,3,97,3,21,3
2.3,750,Amb,11/04/2011,9.43,1,34.78,1,8.048,1,2097.9,2,6.52,1,117.35,1,1.22,1,0.52,1,1.24,1,1967.5,3,470.8,3,2.32,3,1.47,3,1849.3,3,97.1,3,21.1,3
1.2,750,Amb,19/04/2011,9.38,1,34.5,1,8.028,1,2097.9,2,10.59,1,125.35,1,1.58,1,0.46,1,4.7,1,1972.6,3,495.9,3,2.21,3,1.4,3,1858.1,3,92.3,3,22.2,3
2.3,750,Amb,19/04/2011,9.38,1,34.5,1,8.028,1,2097.9,2,0.97,1,128.99,1,0.73,1,0.57,1,1.1,1,1976.3,3,496.8,3,2.21,3,1.4,3,1861.5,3,92.5,3,22.3,3
2.3,750,Amb,04/05/2011,11.1,1,34.85,1,7.915,1,2097.9,2,0.45,1,105.41,1,1.04,1,2.06,1,0.98,1,2005,3,669.7,3,1.86,3,1.19,3,1898.7,3,78,3,28.3,3
1.2,750,Amb,10/05/2011,10.25,1,34.95,1,7.733,1,2097.9,2,0.35,1,117.83,1,1.58,1,0.84,1,3.89,1,2059.4,3,1041.1,3,1.23,3,0.78,3,1962.6,3,51.6,3,45.2,3
2.3,750,Amb,10/05/2011,10.25,1,34.95,1,7.733,1,2097.9,2,0.29,1,104.92,1,1.15,1,1.98,1,1.22,1,2062,3,1042.4,3,1.23,3,0.78,3,1965.1,3,51.7,3,45.2,3
3.5,750,Amb,10/05/2011,10.25,1,34.95,1,7.733,1,2097.9,2,15.44,1,69.79,1,1.83,1,0.51,1,0.3,1,2063,3,1042.9,3,1.23,3,0.78,3,1966,3,51.7,3,45.3,3
4.1,750,Amb,10/05/2011,10.25,1,34.95,1,7.733,1,2097.9,2,0.23,1,95.56,1,1.08,1,0.61,1,0.95,1,2062.3,3,1042.6,3,1.23,3,0.78,3,1965.4,3,51.7,3,45.2,3
1.2,750,Amb,16/05/2011,10.85,1,35.2,1,7.76,1,2097.9,2,0.77,1,130.71,1,2.14,1,0.62,1,3.7,1,2049,3,978.2,3,1.34,3,0.85,3,1951.3,3,56.2,3,41.5,3
2.3,750,Amb,16/05/2011,10.85,1,35.2,1,7.76,1,2097.9,2,0.46,1,99.73,1,1.88,1,3.88,1,1.91,1,2050.7,3,979,3,1.34,3,0.85,3,1952.9,3,56.2,3,41.6,3
1.2,750,Amb,23/05/2011,10.25,1,35.23,1,7.82,1,2097.9,2,1.82,1,103.36,1,4.69,1,0.82,1,3.15,1,2034,3,838.6,3,1.49,3,0.95,3,1935.1,3,62.7,3,36.2,3
2.3,750,Amb,23/05/2011,10.25,1,35.23,1,7.82,1,2097.9,2,0.42,1,98.46,1,1.42,1,0.69,1,0.89,1,2036.3,3,839.6,3,1.49,3,0.95,3,1937.2,3,62.7,3,36.4,3
1.2,750,Amb,01/06/2011,10.08,1,35.35,1,7.773,1,2097.9,2,0.3,1,134.37,1,1.78,1,0.66,1,3.67,1,2047.5,3,939,3,1.34,3,0.86,3,1950.1,3,56.5,3,40.9,3
2.3,750,Amb,01/06/2011,10.08,1,35.35,1,7.773,1,2097.9,2,0.12,1,113.25,1,0.72,1,0.72,1,0.91,1,2050.2,3,940.2,3,1.35,3,0.86,3,1952.7,3,56.6,3,40.9,3
1.2,750,Amb,06/06/2011,12.1,1,35.33,1,7.838,1,2097.9,2,0.13,1,88.61,1,0.7,1,2.01,1,2.17,1,2022.2,3,815.8,3,1.65,3,1.05,3,1919.7,3,69.3,3,33.2,3
2.3,750,Amb,06/06/2011,12.1,1,35.33,1,7.838,1,2097.9,2,0.1,1,74.18,1,1.12,1,2.98,1,1.6,1,2022.8,3,816,3,1.65,3,1.05,3,1920.2,3,69.3,3,33.3,3
3.5,750,Amb,06/06/2011,12.1,1,35.33,1,7.838,1,2097.9,2,1.29,1,91.27,1,1.64,1,1.1,1,0.74,1,2023.7,3,816.3,3,1.65,3,1.05,3,1921.1,3,69.3,3,33.3,3
4.1,750,Amb,06/06/2011,12.1,1,35.33,1,7.838,1,2097.9,2,0.08,1,96.54,1,0.61,1,0.72,1,1.09,1,2023.3,3,816.2,3,1.65,3,1.05,3,1920.7,3,69.3,3,33.3,3
1.2,750,Amb,15/06/2011,12.2,1,35.43,1,7.838,1,2097.9,2,0.13,1,95.58,1,0.93,1,0.99,1,2.4,1,2021.2,3,815.7,3,1.65,3,1.06,3,1918.5,3,69.7,3,33,3
2.3,750,Amb,15/06/2011,12.2,1,35.43,1,7.838,1,2097.9,2,0.09,1,84.95,1,0.66,1,0.73,1,0.65,1,2023,3,816.4,3,1.66,3,1.06,3,1920.1,3,69.7,3,33.2,3
2.2,750,Amb,20/06/2011,11.98,1,35.33,1,7.823,1,2097.9,2,0.14,1,67.32,1,1.1,1,0.92,1,0.78,1,2028.7,3,846.4,3,1.59,3,1.02,3,1927.2,3,66.9,3,34.6,3
2.3,750,Amb,20/06/2011,11.98,1,35.33,1,7.823,1,2097.9,2,0.1,1,89.88,1,0.81,1,0.64,1,0.62,1,2028.9,3,846.5,3,1.59,3,1.02,3,1927.3,3,66.9,3,34.7,3
2.2,750,Amb,27/06/2011,12.1,1,35.2,1,7.935,1,2097.9,2,0.2,1,100.25,1,1.24,1,3.98,1,2.38,1,1991.3,3,639.7,3,2.01,3,1.28,3,1880.7,3,84.6,3,26,3
2.3,750,Amb,27/06/2011,12.1,1,35.2,1,7.935,1,2097.9,2,0.11,1,86.7,1,0.91,1,0.7,1,0.64,1,1993.1,3,640.3,3,2.01,3,1.29,3,1882.4,3,84.6,3,26.1,3
2.2,750,Amb,04/07/2011,12.18,1,35.35,1,8.013,1,2097.9,2,0.14,1,64.51,1,0.97,1,0.78,1,0.77,1,1964.6,3,523.9,3,2.37,3,1.52,3,1843.5,3,99.9,3,21.2,3
2.3,750,Amb,04/07/2011,12.18,1,35.35,1,8.013,1,2097.9,1,0.08,1,61.97,1,0.64,1,0.76,1,0.68,1,1964.7,3,524,3,2.37,3,1.52,3,1843.5,3,99.9,3,21.3,3
3.1,750,Amb,04/07/2011,12.18,1,35.35,1,8.013,1,2049.7,1,0.09,1,73.64,1,0.6,1,0.78,1,1.18,1,1917.9,3,511.5,3,2.32,3,1.48,3,1799.6,3,97.5,3,20.8,3
3.5,750,Amb,04/07/2011,12.18,1,35.35,1,8.013,1,2049.7,2,0.32,1,71.41,1,1.09,1,0.57,1,0.77,1,1918.3,3,511.6,3,2.32,3,1.48,3,1800,3,97.5,3,20.8,3
2.2,750,Amb,11/07/2011,14.55,1,34.98,1,8.008,1,2049.7,2,0.18,1,73.83,1,1.8,1,4.92,1,2.32,1,1909.1,3,529.6,3,2.45,3,1.57,3,1786.3,3,102.7,3,20.1,3
2.3,750,Amb,11/07/2011,14.55,1,34.98,1,8.008,1,2049.7,2,0.09,1,62.19,1,0.85,1,2.12,1,1.22,1,1910.2,3,529.9,3,2.45,3,1.57,3,1787.4,3,102.7,3,20.1,3
2.2,750,Amb,09/08/2011,14.55,1,34.98,1,8.008,1,2049.7,2,0.1,1,72.92,1,1.21,1,0.68,1,0.61,1,1910.9,3,530.1,3,2.45,3,1.57,3,1788,3,102.8,3,20.1,3
2.3,750,Amb,09/08/2011,14.55,1,34.98,1,8.008,1,2049.7,2,0.12,1,56.18,1,1.38,1,0.55,1,0.46,1,1911,3,530.2,3,2.45,3,1.57,3,1788.2,3,102.8,3,20,3
3.1,750,Amb,09/08/2011,14.55,1,34.98,1,8.008,1,2049.7,2,0.15,1,84.32,1,1.07,1,0.55,1,1.04,1,1910.4,3,530,3,2.45,3,1.57,3,1787.6,3,102.8,3,20,3
3.5,750,Amb,09/08/2011,14.55,1,34.98,1,8.008,1,2049.7,2,0.2,1,174.28,1,1.72,1,0.63,1,1.11,1,1910.4,3,530,3,2.45,3,1.57,3,1787.6,3,102.7,3,20.1,3
2.2,750,Amb,07/09/2011,16.33,1,35.08,1,7.823,1,2364.4,1,0.15,1,43.57,1,3,1,0.75,1,0.32,1,2274.2,3,997.1,3,2.05,3,1.32,3,2152.5,3,86,3,35.7,3
2.3,750,Amb,07/09/2011,16.33,1,35.08,1,7.823,1,2364.4,2,0.22,1,62.47,1,1.9,1,0.66,1,0.3,1,2274.2,3,997.1,3,2.05,3,1.32,3,2152.5,3,86,3,35.7,3
3.1,750,Amb,07/09/2011,16.33,1,35.08,1,7.823,1,2364.4,2,0.62,1,57.83,1,1.18,1,1.34,1,0.67,1,2273.8,3,997,3,2.05,3,1.32,3,2152.1,3,86,3,35.7,3
3.5,750,Amb,07/09/2011,16.33,1,35.08,1,7.823,1,2364.4,2,0.11,1,146.57,1,1.08,1,0.57,1,0.64,1,2273.9,3,997,3,2.05,3,1.32,3,2152.2,3,86,3,35.7,3
2.2,750,Amb,10/10/2011,15.93,1,34.9,1,8.03,1,2162.9,1,0.11,1,30.14,1,0.76,1,1.67,1,1.03,1,2003.7,3,534.8,3,2.81,3,1.81,3,1866.3,3,117.9,3,19.5,3
2.3,750,Amb,10/10/2011,15.93,1,34.9,1,8.03,1,2147.6,1,0.15,1,28.91,1,0.92,1,1.01,1,0.57,1,1989.5,3,531.1,3,2.79,3,1.8,3,1853.2,3,117.1,3,19.2,3
3.1,750,Amb,10/10/2011,15.93,1,34.9,1,8.03,1,2147.6,2,0.33,1,60.52,1,1.49,1,1.26,1,0.89,1,1989.2,3,531,3,2.79,3,1.8,3,1852.8,3,117.1,3,19.3,3
3.5,750,Amb,10/10/2011,15.93,1,34.9,1,8.03,1,2147.6,2,0.18,1,152.2,1,2.24,1,1.65,1,1.2,1,1988.9,3,530.9,3,2.79,3,1.8,3,1852.5,3,117.1,3,19.3,3
2.2,750,Amb,20/10/2011,15.65,1,34.83,1,7.908,1,2173.2,1,0.13,1,20.85,1,0.67,1,1.54,1,0.76,1,2061.6,3,735.4,3,2.19,3,1.41,3,1942.9,3,91.7,3,27,3
2.3,750,Amb,20/10/2011,15.65,1,34.83,1,7.908,1,2173.2,2,0.18,1,21.67,1,0.82,1,1.53,1,0.64,1,2061.7,3,735.4,3,2.19,3,1.41,3,1943,3,91.7,3,27,3
2.2,750,Amb,25/10/2011,15.83,1,34.68,1,7.908,1,2166.8,1,0.13,1,24.21,1,0.44,1,0.9,1,0.8,1,2055.2,3,735.3,3,2.19,3,1.41,3,1936.8,3,91.6,3,26.8,3
2.3,750,Amb,25/10/2011,15.83,1,34.68,1,7.908,1,2166.8,2,0.15,1,22.33,1,0.65,1,0.83,1,0.57,1,2055.5,3,735.3,3,2.19,3,1.41,3,1937.1,3,91.6,3,26.8,3
2.2,750,Amb,31/10/2011,15.88,1,34.6,1,7.825,1,2169.7,1,0.12,1,22.05,1,0.4,1,0.95,1,0.83,1,2086.2,3,909,3,1.84,3,1.19,3,1976,3,77.1,3,33.1,3
2.3,750,Amb,31/10/2011,15.88,1,34.6,1,7.825,1,2185.2,1,0.14,1,21,1,0.78,1,0.9,1,0.63,1,2101.6,3,915.7,3,1.86,3,1.19,3,1990.5,3,77.7,3,33.4,3
2.2,750,Amb,07/11/2011,15.23,1,34.7,1,7.825,1,2443,1,0.14,1,26.59,1,0.49,1,0.9,1,0.79,1,2356.3,3,1018.8,3,2.04,3,1.31,3,2233,3,85.5,3,37.8,3
2.3,750,Amb,07/11/2011,15.23,1,34.7,1,7.825,1,2180.4,1,0.17,1,22.42,1,1.35,1,0.65,1,0.64,1,2099.1,3,907.6,3,1.82,3,1.17,3,1989.2,3,76.2,3,33.7,3
3.1,750,Amb,07/11/2011,15.23,1,34.7,1,7.825,1,2195.3,1,0.26,1,61.09,1,0.36,1,0.77,1,1.09,1,2113.2,3,913.7,3,1.83,3,1.18,3,2002.6,3,76.7,3,33.9,3
3.5,750,Amb,07/11/2011,15.23,1,34.7,1,7.825,1,2145.3,1,0.17,1,167.78,1,1.79,1,1.1,1,1.01,1,2064.3,3,892.5,3,1.79,3,1.15,3,1956.2,3,74.9,3,33.2,3
2.2,750,Amb,14/11/2011,14.7,1,34.98,1,7.928,1,2207.1,1,0.15,1,22.95,1,0.37,1,1.11,1,0.6,1,2091,3,703.4,3,2.26,3,1.45,3,1969.9,3,94.7,3,26.4,3
2.3,750,Amb,14/11/2011,14.7,1,34.98,1,7.928,1,2182.1,1,0.15,1,20.93,1,0.69,1,1.16,1,0.59,1,2066.8,3,695.3,3,2.23,3,1.43,3,1947.1,3,93.6,3,26.1,3
2.2,750,Amb,21/11/2011,12.95,1,34.78,1,7.94,1,2267.7,1,0.13,1,23.63,1,0.27,1,0.7,1,0.54,1,2154.4,3,692.4,3,2.25,3,1.44,3,2032.8,3,94.1,3,27.5,3
2.3,750,Amb,21/11/2011,12.95,1,34.78,1,7.94,1,2192.6,1,0.12,1,19.85,1,0.52,1,0.61,1,0.55,1,2081.6,3,669,3,2.17,3,1.39,3,1964,3,90.9,3,26.7,3
2.2,750,Amb,12/12/2011,12.95,1,34.93,1,7.908,1,2259.1,1,0.17,1,23.61,1,0.09,1,1.24,1,0.69,1,2156.6,3,746.9,3,2.1,3,1.34,3,2038.8,3,88,3,29.8,3
2.3,750,Amb,12/12/2011,12.95,1,34.93,1,7.908,1,2249.7,1,0.14,1,22.61,1,0.28,1,0.56,1,0.51,1,2147.6,3,743.8,3,2.09,3,1.34,3,2030.3,3,87.7,3,29.6,3
3.1,750,Amb,12/12/2011,13.2,1,34.83,1,7.91,1,2227.1,1,0.15,1,53.41,1,0.53,1,0.92,1,0.72,1,2124,3,734.6,3,2.09,3,1.34,3,2007.4,3,87.6,3,29,3
3.5,750,Amb,12/12/2011,13.2,1,34.83,1,7.91,1,2227.1,2,0.15,1,138.04,1,0.39,1,1.42,1,0.63,1,2124.1,3,734.7,3,2.09,3,1.34,3,2007.5,3,87.6,3,29,3
2.2,750,Amb,19/12/2011,13.2,1,34.83,1,7.91,1,2227.1,2,0.21,1,21.77,1,0.07,1,2.04,1,0.6,1,2124.1,3,734.7,3,2.09,3,1.34,3,2007.5,3,87.6,3,29,3
2.3,750,Amb,19/12/2011,13.2,1,34.83,1,7.91,1,2149,1,0.16,1,19.72,1,0.33,1,1.54,1,0.49,1,2048.2,3,708.4,3,2.01,3,1.29,3,1935.8,3,84.5,3,27.9,3
2.2,750,Amb,09/01/2012,12.13,1,34.73,1,8.065,1,2287.8,1,0.11,1,23.38,1,0.03,1,1.38,1,0.43,1,2130.4,3,503.6,3,2.85,3,1.82,3,1990.5,3,119.3,3,20.6,3
2.3,750,Amb,09/01/2012,12.13,1,34.73,1,8.065,1,2272.9,1,0.12,1,25.46,1,0,1,1.48,1,0.62,1,2115.9,3,500.2,3,2.83,3,1.8,3,1977,3,118.5,3,20.4,3
3.1,750,Amb,09/01/2012,12.13,1,34.73,1,8.065,1,2236.3,1,0.1,1,52.09,1,0.08,1,0.73,1,0.86,1,2080.7,3,491.9,3,2.78,3,1.77,3,1944.1,3,116.5,3,20.1,3
3.5,750,Amb,09/01/2012,12.13,1,34.73,1,8.065,1,2132.9,1,0.1,1,189.28,1,0.22,1,0.43,1,0.73,1,1982.1,3,468.6,3,2.65,3,1.69,3,1851.9,3,111,3,19.2,3
2.2,750,Amb,18/01/2012,11.7,1,34.8,1,7.95,1,2319.6,1,0.12,1,20.38,1,0.13,1,0.78,1,0.19,1,2207.2,3,683.4,3,2.26,3,1.44,3,2084.3,3,94.7,3,28.2,3
2.3,750,Amb,18/01/2012,11.7,1,34.8,1,7.95,1,2262,1,0.19,1,22.63,1,0.37,1,1.7,1,0.75,1,2150.7,3,665.9,3,2.2,3,1.4,3,2030.9,3,92.2,3,27.6,3
2.2,750,Amb,24/01/2012,11.7,1,34.8,1,7.95,1,2249.4,1,0.18,1,24.1,1,0.4,1,0.69,1,0.34,1,2138.9,3,662.2,3,2.19,3,1.4,3,2019.8,3,91.7,3,27.4,3
2.3,750,Amb,24/01/2012,11.7,1,34.8,1,7.95,1,2170.4,1,0.17,1,25.36,1,0.34,1,0.55,1,0.47,1,2062.1,3,638.4,3,2.11,3,1.35,3,1947.2,3,88.4,3,26.5,3
2.2,750,Amb,02/02/2012,9.55,1,34.8,1,7.988,1,2244.2,1,0.19,1,19.17,1,0.23,1,0.39,1,0.28,1,2130.5,3,588.8,3,2.21,3,1.4,3,2011.8,3,92.5,3,26.2,3
2.3,750,Amb,02/02/2012,9.55,1,34.8,1,7.988,1,2159.5,1,0.17,1,26.84,1,0.24,1,0.36,1,0.4,1,2048.2,3,566.1,3,2.12,3,1.35,3,1934.1,3,88.9,3,25.2,3
2.2,750,Amb,07/02/2012,9.65,1,34.73,1,7.988,1,2314.6,1,0.05,1,16.65,1,0.03,1,0.53,1,0.11,1,2198.8,3,608.7,3,2.28,3,1.45,3,2076.2,3,95.6,3,27,3
2.3,750,Amb,07/02/2012,9.65,1,34.73,1,7.988,1,2242.5,1,0.08,1,24.13,1,0.03,1,1.2,1,0.49,1,2128.5,3,589.3,3,2.21,3,1.4,3,2009.8,3,92.6,3,26.1,3
3.1,750,Amb,07/02/2012,9.65,1,34.73,1,7.988,1,2314.6,1,0.08,1,38.97,1,0.05,1,0.51,1,0.44,1,2198.5,3,608.6,3,2.28,3,1.45,3,2075.9,3,95.6,3,27,3
3.5,750,Amb,07/02/2012,9.65,1,34.73,1,7.988,1,2242.5,1,0.1,1,152.31,1,0.23,1,0.43,1,0.37,1,2128.6,3,589.3,3,2.21,3,1.4,3,2010,3,92.6,3,26,3
2.2,750,Amb,17/02/2012,9.98,1,34.45,1,7.875,1,2198,1,0.18,1,17.4,1,0.11,1,0.48,1,0.27,1,2122.7,3,771.5,3,1.72,3,1.09,3,2016.9,3,71.9,3,33.9,3
2.3,750,Amb,17/02/2012,9.98,1,34.45,1,7.875,1,2198,1,0.13,1,18.24,1,0.08,1,0.46,1,0.2,1,2122.7,3,771.6,3,1.72,3,1.09,3,2017,3,71.9,3,33.8,3
2.2,750,Amb,24/02/2012,8.03,1,34.65,1,7.905,1,2260.2,1,0.07,1,15.7,1,0.03,1,1.2,1,0.27,1,2181.5,3,721.8,3,1.77,3,1.12,3,2073.4,3,74.3,3,33.8,3
2.3,750,Amb,24/02/2012,8.03,1,34.65,1,7.905,1,2199.1,1,0.06,1,15.22,1,0.03,1,0.44,1,0.12,1,2121.6,3,702,3,1.73,3,1.09,3,2016.5,3,72.3,3,32.8,3
2.2,750,Amb,02/03/2012,8.6,1,34.7,1,8,1,2272.8,1,0.15,1,11.19,1,0.3,1,0.46,1,0.16,1,2159,3,574.4,3,2.22,3,1.41,3,2039.7,3,93,3,26.3,3
2.3,750,Amb,02/03/2012,8.6,1,34.7,1,8,1,2249.1,1,0.16,1,11.54,1,0.28,1,3.75,1,0.76,1,2135.4,3,568.1,3,2.2,3,1.39,3,2017.4,3,92,3,26,3
2.2,750,Amb,06/03/2012,8.58,1,34.75,1,8.015,1,2258.3,1,0.11,1,10.07,1,0.07,1,0.53,1,0.12,1,2139.6,3,548.9,3,2.27,3,1.44,3,2019,3,95.3,3,25.3,3
2.3,750,Amb,06/03/2012,8.58,1,34.75,1,8.015,1,2202.4,1,0.08,1,7.39,1,0.27,1,1.68,1,0.53,1,2085,3,534.9,3,2.22,3,1.41,3,1967.6,3,92.9,3,24.5,3
3.1,750,Amb,06/03/2012,8.93,1,34.73,1,7.995,1,2283.7,1,0.1,1,24.99,1,0.21,1,0.39,1,0.27,1,2169.6,3,586.1,3,2.23,3,1.42,3,2049.5,3,93.5,3,26.6,3
3.5,750,Amb,06/03/2012,8.93,1,34.73,1,7.995,1,2310.4,1,0.19,1,72.23,1,0.34,1,2.96,1,0.39,1,2195.4,3,593,3,2.26,3,1.43,3,2073.8,3,94.6,3,27,3
2.2,750,Amb,16/03/2012,9.5,1,34.63,1,7.985,1,2248.7,1,0.1,1,4.4,1,0.11,1,0.41,1,0.12,1,2137.1,3,595.4,3,2.19,3,1.39,3,2019,3,91.6,3,26.5,3
2.3,750,Amb,16/03/2012,9.5,1,34.63,1,7.985,1,2208.9,1,0.14,1,7.2,1,0.1,1,0.45,1,0.19,1,2098.4,3,584.6,3,2.15,3,1.36,3,1982.4,3,89.9,3,26.1,3
2.2,750,Amb,23/03/2012,9.5,1,34.63,1,7.985,1,2208.9,2,0.15,1,7.22,1,1.2,1,1.54,1,0.12,1,2098.5,3,584.6,3,2.15,3,1.36,3,1982.5,3,89.9,3,26.1,3
2.3,750,Amb,23/03/2012,9.5,1,34.63,1,7.985,1,2208.9,2,0.15,1,5.81,1,1.78,1,4.42,1,1.43,1,2097.1,3,584.2,3,2.15,3,1.36,3,1981.2,3,89.9,3,26,3
2.2,750,Amb,28/03/2012,9.5,1,34.63,1,7.985,1,2208.9,2,0.09,1,4.55,1,0.04,1,0.45,1,0.09,1,2098.5,3,584.6,3,2.15,3,1.36,3,1982.5,3,89.9,3,26.1,3
2.3,750,Amb,28/03/2012,9.5,1,34.63,1,7.985,1,2208.9,2,0.07,1,4.68,1,0.03,1,0.49,1,0.14,1,2098.5,3,584.6,3,2.15,3,1.36,3,1982.5,3,89.9,3,26.1,3
2.2,750,Amb,02/04/2012,9.5,1,34.63,1,7.985,1,2208.9,2,0.1,1,3.95,1,0.03,1,0.22,1,0.07,1,2098.5,3,584.6,3,2.15,3,1.36,3,1982.6,3,90,3,25.9,3
2.3,750,Amb,02/04/2012,9.5,1,34.63,1,7.985,1,2208.9,2,0.06,1,2.27,1,0.03,1,0.19,1,0.1,1,2098.5,3,584.6,3,2.15,3,1.36,3,1982.5,3,89.9,3,26.1,3
2.2,750,Amb,12/04/2012,9.5,1,34.63,1,7.985,1,2208.9,2,0.08,1,1.2,1,0.03,1,0.3,1,0.06,1,2098.6,3,584.6,3,2.15,3,1.36,3,1982.6,3,90,3,26,3
2.3,750,Amb,12/04/2012,9.5,1,34.63,1,7.985,1,2208.9,2,0.05,1,0.61,1,0.05,1,0.34,1,0.07,1,2098.5,3,584.6,3,2.15,3,1.36,3,1982.6,3,90,3,25.9,3
3.1,750,Amb,12/04/2012,9.5,1,34.63,1,7.985,1,2208.9,2,0.1,1,16.52,1,0.23,1,0.63,1,0.35,1,2098.3,3,584.5,3,2.15,3,1.36,3,1982.3,3,89.9,3,26.1,3
3.5,750,Amb,12/04/2012,9.5,1,34.63,1,7.985,1,2208.9,2,0.08,1,30.33,1,0.26,1,0.21,1,0.09,1,2098.5,3,584.6,3,2.15,3,1.36,3,1982.5,3,89.9,3,26.1,3
2.2,750,Amb,16/04/2012,9.5,1,34.63,1,7.985,1,2208.9,2,0.11,1,1.91,1,0.03,1,0.56,1,0.21,1,2098.4,3,584.6,3,2.15,3,1.36,3,1982.4,3,89.9,3,26.1,3
2.3,750,Amb,16/04/2012,9.5,1,34.63,1,7.985,1,2208.9,2,0.07,1,1.25,1,0.03,1,0.54,1,0.18,1,2098.4,3,584.6,3,2.15,3,1.36,3,1982.4,3,89.9,3,26.1,3
2.2,750,Amb,24/04/2012,9.5,1,34.63,1,7.985,1,2208.9,2,0.15,1,1.83,1,0.18,1,0.24,1,0.09,1,2098.5,3,584.6,3,2.15,3,1.36,3,1982.5,3,89.9,3,26.1,3
2.3,750,Amb,24/04/2012,9.5,1,34.63,1,7.985,1,2208.9,2,0.09,1,0.91,1,0.03,1,0.21,1,0.08,1,2098.5,3,584.6,3,2.15,3,1.36,3,1982.5,3,90,3,26,3
3.1,750,Amb,03/05/2012,9.5,1,34.63,1,7.985,1,2208.9,2,0.11,1,12.71,1,0.09,1,0.93,1,0.4,1,2098.2,3,584.5,3,2.15,3,1.36,3,1982.2,3,89.9,3,26.1,3
3.5,750,Amb,03/05/2012,9.5,1,34.63,1,7.985,1,2208.9,2,0.1,1,21.75,1,0.64,1,0.47,1,0.14,1,2098.5,3,584.6,3,2.15,3,1.36,3,1982.5,3,89.9,3,26.1,3
1.5,1000,Amb,14/02/2011,10.68,1,34.3,1,7.79,1,2269.8,1,0.17,1,16.8,1,6.28,1,7.79,1,1.21,1,2216.7,3,991.5,3,1.51,3,0.96,3,2111,3,63.1,3,42.6,3
2.4,1000,Amb,14/02/2011,10.68,1,34.3,1,7.79,1,2269.8,2,0.28,1,17.98,1,10.55,1,7.35,1,0.27,1,2217.6,3,991.9,3,1.51,3,0.96,3,2111.9,3,63.2,3,42.5,3
3.2,1000,Amb,14/02/2011,10.68,1,34.3,1,7.79,1,2362.5,1,0.21,1,9.73,1,10.59,1,5.75,1,0.74,1,2309,3,1032.8,3,1.57,3,1,3,2198.9,3,65.8,3,44.3,3
4.5,1000,Amb,14/02/2011,10.68,1,34.3,1,7.79,1,2362.5,2,0.1,1,7.9,1,7.77,1,4.86,1,0.52,1,2309.2,3,1032.9,3,1.57,3,1,3,2199.1,3,65.8,3,44.3,3
1.5,1000,Amb,21/02/2011,10.85,1,34.2,1,7.79,1,2362.5,2,0.39,1,17.76,1,14.47,1,4.49,1,1.78,1,2307.7,3,1035,3,1.58,3,1,3,2197.5,3,65.9,3,44.3,3
2.4,1000,Amb,21/02/2011,10.85,1,34.2,1,7.79,1,2362.5,2,1.66,1,27.85,1,22.33,1,8.28,1,0.75,1,2308.7,3,1035.5,3,1.58,3,1,3,2198.5,3,66,3,44.2,3
1.5,1000,Amb,28/02/2011,10.88,1,34.3,1,7.858,1,2362.5,2,1.12,1,22.12,1,22.7,1,3.73,1,2.28,1,2284.7,3,874,3,1.83,3,1.16,3,2170.9,3,76.5,3,37.3,3
1.5,1000,Amb,07/03/2011,9.93,1,34.4,1,7.745,1,2362.5,2,1.75,1,20.13,1,24.78,1,4.32,1,2.06,1,2324.3,3,1143.1,3,1.4,3,0.89,3,2215.7,3,58.4,3,50.2,3
2.4,1000,Amb,07/03/2011,9.93,1,34.4,1,7.745,1,2362.5,2,25.41,1,69.09,1,6.27,1,8.07,1,0.77,1,2325.6,3,1143.7,3,1.4,3,0.89,3,2216.9,3,58.4,3,50.3,3
3.2,1000,Amb,07/03/2011,9.93,1,34.4,1,7.745,1,2362.5,2,13.46,1,30.75,1,24.57,1,5.06,1,1.7,1,2324.7,3,1143.2,3,1.4,3,0.89,3,2216,3,58.4,3,50.3,3
4.5,1000,Amb,07/03/2011,9.93,1,34.4,1,7.745,1,2362.5,2,1.7,1,18.98,1,21.94,1,1.2,1,1.75,1,2324.7,3,1143.2,3,1.4,3,0.89,3,2216,3,58.4,3,50.3,3
1.5,1000,Amb,14/03/2011,9.7,1,34.38,1,7.755,1,2362.5,2,3.27,1,22.19,1,28.69,1,4.28,1,2.41,1,2321.8,3,1113,3,1.41,3,0.9,3,2213.4,3,59.1,3,49.3,3
2.4,1000,Amb,14/03/2011,9.7,1,34.38,1,7.755,1,2362.5,2,27.96,1,92.2,1,1.49,1,5.49,1,1.01,1,2323.2,3,1113.7,3,1.42,3,0.9,3,2214.7,3,59.2,3,49.3,3
1.5,1000,Amb,21/03/2011,9.78,1,34.6,1,7.683,1,2362.5,2,5.66,1,24.9,1,32.99,1,3.76,1,2.8,1,2342.6,3,1324.6,3,1.22,3,0.77,3,2233.1,3,51,3,58.5,3
2.4,1000,Amb,21/03/2011,9.78,1,34.6,1,7.683,1,2362.5,2,19.1,1,105.29,1,1.44,1,2.23,1,0.88,1,2344.5,3,1325.7,3,1.22,3,0.77,3,2234.9,3,51,3,58.6,3
1.5,1000,Amb,30/03/2011,9.85,1,34.7,1,7.923,1,2362.5,2,10.09,1,29.12,1,39.47,1,2.49,1,3.23,1,2264.5,3,732.9,3,2.04,3,1.3,3,2146.6,3,85.7,3,32.2,3
2.4,1000,Amb,30/03/2011,9.85,1,34.7,1,7.923,1,2362.5,2,4.76,1,105.77,1,2.37,1,1.47,1,1.07,1,2266.7,3,733.6,3,2.05,3,1.3,3,2148.6,3,85.7,3,32.4,3
1.5,1000,Amb,04/04/2011,8.55,1,34.8,1,7.923,1,2362.5,2,13.22,1,33.26,1,40.16,1,1.64,1,3.49,1,2269.6,3,723.3,3,1.96,3,1.25,3,2154.1,3,82.3,3,33.2,3
2.4,1000,Amb,04/04/2011,8.55,1,34.8,1,7.923,1,2362.5,2,2.24,1,118.6,1,1.99,1,0.75,1,1.2,1,2272,3,724.1,3,1.97,3,1.25,3,2156.3,3,82.4,3,33.3,3
3.2,1000,Amb,04/04/2011,8.55,1,34.8,1,7.923,1,2362.5,2,20.63,1,77.53,1,1.88,1,2.04,1,2.01,1,2271.1,3,723.8,3,1.97,3,1.25,3,2155.5,3,82.4,3,33.2,3
4.5,1000,Amb,04/04/2011,8.55,1,34.8,1,7.923,1,2362.5,2,34.35,1,46.23,1,18.22,1,0.42,1,0.73,1,2272.4,3,724.2,3,1.97,3,1.25,3,2156.7,3,82.4,3,33.3,3
1.5,1000,Amb,11/04/2011,8.45,1,34.78,1,7.635,1,2362.5,2,16.74,1,33.64,1,32.75,1,1.44,1,2.96,1,2361.4,3,1464.7,3,1.05,3,0.67,3,2249.8,3,44.1,3,67.5,3
2.4,1000,Amb,11/04/2011,8.45,1,34.78,1,7.635,1,2362.5,2,0.93,1,130.68,1,1.83,1,0.76,1,1.31,1,2363,3,1465.7,3,1.05,3,0.67,3,2251.3,3,44.1,3,67.6,3
1.5,1000,Amb,19/04/2011,8.43,1,34.8,1,7.953,1,2362.5,2,29.15,1,40.59,1,26.22,1,0.6,1,2.8,1,2260.6,3,670.3,3,2.08,3,1.32,3,2142.3,3,87.3,3,31,3
2.4,1000,Amb,19/04/2011,8.43,1,34.8,1,7.953,1,2362.5,2,0.88,1,138.77,1,1.49,1,0.58,1,1.25,1,2262.1,3,670.8,3,2.09,3,1.32,3,2143.8,3,87.4,3,30.9,3
1.5,1000,Amb,04/05/2011,10.03,1,34.9,1,7.743,1,2362.5,2,31.46,1,38.23,1,1.79,1,4.1,1,1.37,1,2323.5,3,1145.2,3,1.41,3,0.9,3,2214.4,3,59.1,3,50,3
2.4,1000,Amb,04/05/2011,10.03,1,34.9,1,7.743,1,2362.5,2,0.81,1,119.24,1,1.57,1,0.74,1,1.05,1,2323.9,3,1145.4,3,1.41,3,0.9,3,2214.8,3,59.1,3,50,3
1.5,1000,Amb,10/05/2011,10,1,35.25,1,7.67,1,2362.5,2,18.64,1,33.88,1,1.97,1,4.01,1,1.55,1,2344.9,3,1363.5,3,1.21,3,0.77,3,2234.6,3,50.8,3,59.5,3
2.4,1000,Amb,10/05/2011,10,1,35.25,1,7.67,1,2362.5,2,0.61,1,122.89,1,1.8,1,0.62,1,0.91,1,2345.6,3,1363.9,3,1.21,3,0.77,3,2235.2,3,50.8,3,59.6,3
3.2,1000,Amb,10/05/2011,10,1,35.25,1,7.67,1,2362.5,2,0.29,1,97.82,1,1.71,1,0.66,1,2.19,1,2344.3,3,1363.2,3,1.21,3,0.77,3,2234,3,50.8,3,59.5,3
4.5,1000,Amb,10/05/2011,10,1,35.25,1,7.67,1,2362.5,2,20.53,1,67.84,1,1.45,1,0.74,1,0.41,1,2346.1,3,1364.2,3,1.21,3,0.77,3,2235.7,3,50.8,3,59.6,3
1.5,1000,Amb,16/05/2011,9.95,1,35.33,1,7.648,1,2362.5,2,10.78,1,43.02,1,1.31,1,0.69,1,1.04,1,2352.2,3,1436.9,3,1.15,3,0.73,3,2240.9,3,48.5,3,62.8,3
2.4,1000,Amb,16/05/2011,9.95,1,35.33,1,7.648,1,2362.5,2,0.45,1,130.31,1,2.09,1,2.05,1,1.43,1,2351.8,3,1436.7,3,1.15,3,0.73,3,2240.6,3,48.5,3,62.7,3
1.5,1000,Amb,23/05/2011,9.7,1,35.33,1,7.685,1,2362.5,2,4.22,1,36.38,1,1.64,1,0.82,1,1.05,1,2341.7,3,1310.2,3,1.24,3,0.79,3,2231.8,3,52.1,3,57.8,3
2.4,1000,Amb,23/05/2011,9.7,1,35.33,1,7.685,1,2362.5,2,0.33,1,114.72,1,1.78,1,0.7,1,1.03,1,2341.7,3,1310.2,3,1.24,3,0.79,3,2231.8,3,52.1,3,57.8,3
1.5,1000,Amb,01/06/2011,9.65,1,35.48,1,7.668,1,2362.5,2,1.66,1,46.76,1,1.21,1,0.52,1,1.09,1,2346.6,3,1363,3,1.19,3,0.76,3,2236.2,3,50.3,3,60.1,3
2.4,1000,Amb,01/06/2011,9.65,1,35.48,1,7.668,1,2362.5,2,0.18,1,132.42,1,1.5,1,0.58,1,1.18,1,2346.5,3,1362.9,3,1.19,3,0.76,3,2236.1,3,50.3,3,60.1,3
1.5,1000,Amb,06/06/2011,11.1,1,35.4,1,7.728,1,2362.5,2,1.36,1,45.1,1,1.07,1,0.6,1,1.04,1,2322.8,3,1196.1,3,1.43,3,0.91,3,2212.5,3,60,3,50.3,3
2.4,1000,Amb,06/06/2011,11.1,1,35.4,1,7.728,1,2362.5,2,0.16,1,129.14,1,1.44,1,0.75,1,1.08,1,2322.8,3,1196,3,1.43,3,0.91,3,2212.4,3,60,3,50.4,3
3.2,1000,Amb,06/06/2011,11.1,1,35.4,1,7.728,1,2362.5,2,0.12,1,106.14,1,1.03,1,0.74,1,2.21,1,2321.6,3,1195.5,3,1.42,3,0.91,3,2211.4,3,60,3,50.2,3
4.5,1000,Amb,06/06/2011,11.1,1,35.4,1,7.728,1,2362.5,2,0.95,1,86.4,1,1.36,1,0.72,1,0.5,1,2323.3,3,1196.3,3,1.43,3,0.91,3,2213,3,60,3,50.3,3
1.5,1000,Amb,15/06/2011,11.48,1,35.68,1,7.755,1,2362.5,2,1.4,1,39.51,1,1.29,1,0.73,1,1.05,1,2311.8,3,1121,3,1.54,3,0.98,3,2200.5,3,64.8,3,46.5,3
2.4,1000,Amb,15/06/2011,11.48,1,35.68,1,7.755,1,2336.2,1,0.14,1,110.84,1,1.41,1,0.71,1,1.26,1,2285.5,3,1108.3,3,1.52,3,0.97,3,2175.4,3,64.1,3,46,3
1.5,1000,Amb,20/06/2011,11.2,1,35.5,1,7.755,1,2336.2,2,0.64,1,32.18,1,1.19,1,0.49,1,0.89,1,2287.5,3,1107,3,1.5,3,0.96,3,2177.9,3,63.2,3,46.4,3
2.4,1000,Amb,20/06/2011,11.2,1,35.5,1,7.755,1,2336.2,2,0.18,1,116.59,1,1.97,1,0.69,1,1.13,1,2287.3,3,1106.9,3,1.5,3,0.96,3,2177.7,3,63.2,3,46.4,3
1.5,1000,Amb,27/06/2011,11.15,1,35.13,1,7.85,1,2336.2,2,0.28,1,36.91,1,0.58,1,0.81,1,1.58,1,2257.7,3,877.4,3,1.82,3,1.16,3,2144.2,3,76.6,3,36.9,3
2.4,1000,Amb,27/06/2011,11.15,1,35.13,1,7.85,1,2336.2,2,0.14,1,104.3,1,1.33,1,1.11,1,1.78,1,2257.5,3,877.3,3,1.82,3,1.16,3,2144.1,3,76.6,3,36.8,3
1.5,1000,Amb,04/07/2011,11.58,1,35.28,1,7.895,1,2336.2,2,0.3,1,39.34,1,0.82,1,0.49,1,1.49,1,2240.1,3,786,3,2.04,3,1.3,3,2121.8,3,85.6,3,32.7,3
2.4,1000,Amb,04/07/2011,11.58,1,35.28,1,7.895,1,2336.2,2,0.13,1,81.58,1,1.22,1,0.79,1,1.22,1,2240.3,3,786.1,3,2.04,3,1.3,3,2122.1,3,85.6,3,32.6,3
3.2,1000,Amb,04/07/2011,11.58,1,35.28,1,7.895,1,2336.2,2,0.11,1,69.55,1,0.94,1,0.73,1,1.62,1,2239.9,3,786,3,2.04,3,1.3,3,2121.7,3,85.6,3,32.6,3
4.5,1000,Amb,04/07/2011,11.58,1,35.28,1,7.895,1,2336.2,2,0.23,1,55.34,1,0.87,1,0.77,1,0.65,1,2240.9,3,786.3,3,2.04,3,1.3,3,2122.6,3,85.7,3,32.6,3
1.5,1000,Amb,11/07/2011,14.95,1,35,1,7.865,1,2336.2,2,0.34,1,44.37,1,1.11,1,2.13,1,2.05,1,2236.3,3,875.5,3,2.11,3,1.36,3,2114.9,3,88.7,3,32.7,3
2.4,1000,Amb,11/07/2011,14.95,1,35,1,7.865,1,2336.2,2,0.1,1,85.52,1,0.91,1,1.88,1,1.61,1,2236.7,3,875.7,3,2.11,3,1.36,3,2115.3,3,88.7,3,32.7,3
1.5,1000,Amb,09/08/2011,16,1,35.03,1,7.77,1,2336.2,2,0.35,1,132.76,1,2.52,1,1.3,1,1.71,1,2264.9,3,1120.9,3,1.79,3,1.15,3,2149.2,3,75.1,3,40.6,3
2.4,1000,Amb,09/08/2011,16,1,35.03,1,7.77,1,2336.2,2,0.26,1,99.09,1,1.65,1,0.9,1,0.87,1,2265.7,3,1121.3,3,1.79,3,1.15,3,2150,3,75.1,3,40.6,3
3.2,1000,Amb,09/08/2011,16,1,35.03,1,7.77,1,2336.2,2,0.29,1,101.17,1,1.73,1,0.75,1,1.49,1,2265.1,3,1121,3,1.79,3,1.15,3,2149.4,3,75.1,3,40.6,3
4.5,1000,Amb,09/08/2011,16,1,35.03,1,7.77,1,2279,1,0.26,1,94.05,1,2.34,1,0.52,1,0.86,1,2209.4,3,1093.5,3,1.75,3,1.12,3,2096.6,3,73.2,3,39.6,3
1.5,1000,Amb,07/09/2011,16,1,35.03,1,7.77,1,2279,2,0.15,1,29.73,1,0.48,1,0.48,1,0.3,1,2210,3,1093.7,3,1.75,3,1.12,3,2097.1,3,73.2,3,39.7,3
2.4,1000,Amb,07/09/2011,16,1,35.03,1,7.77,1,2279,2,0.26,1,57.26,1,1.9,1,0.6,1,0.43,1,2209.8,3,1093.7,3,1.75,3,1.12,3,2097,3,73.2,3,39.6,3
3.2,1000,Amb,07/09/2011,16,1,35.03,1,7.77,1,2279,2,0.18,1,50.25,1,1.31,1,0.54,1,0.81,1,2209.4,3,1093.5,3,1.75,3,1.12,3,2096.6,3,73.2,3,39.6,3
4.5,1000,Amb,07/09/2011,16,1,35.03,1,7.77,1,2279,2,0.19,1,67.2,1,2,1,0.6,1,0.42,1,2209.8,3,1093.7,3,1.75,3,1.12,3,2097,3,73.2,3,39.6,3
1.5,1000,Amb,10/10/2011,15.53,1,34.93,1,7.873,1,2245,1,0.26,1,18.32,1,0.5,1,2.02,1,0.69,1,2143.8,3,829.1,3,2.1,3,1.35,3,2025.3,3,88,3,30.5,3
2.4,1000,Amb,10/10/2011,15.53,1,34.93,1,7.873,1,2245,2,0.16,1,37.56,1,1.02,1,0.94,1,1.05,1,2143.4,3,829,3,2.1,3,1.35,3,2024.9,3,88,3,30.5,3
3.2,1000,Amb,10/10/2011,15.53,1,34.93,1,7.873,1,2245,2,0.19,1,42.42,1,1.15,1,0.91,1,1.08,1,2143.4,3,829,3,2.1,3,1.35,3,2024.9,3,88,3,30.5,3
4.5,1000,Amb,10/10/2011,15.53,1,34.93,1,7.873,1,2245,2,0.24,1,107.51,1,2.16,1,1.32,1,1.2,1,2143.3,3,828.9,3,2.1,3,1.35,3,2024.8,3,88,3,30.5,3
1.5,1000,Amb,20/10/2011,15.15,1,34.78,1,7.76,1,2261.9,1,0.29,1,18.22,1,0.63,1,1.83,1,1.01,1,2199.8,3,1105.9,3,1.64,3,1.06,3,2089.8,3,68.9,3,41.1,3
2.4,1000,Amb,20/10/2011,15.15,1,34.78,1,7.76,1,2261.9,2,0.16,1,28.21,1,0.61,1,0.87,1,1.05,1,2199.8,3,1105.9,3,1.64,3,1.06,3,2089.8,3,68.9,3,41.1,3
1.5,1000,Amb,25/10/2011,15.15,1,34.78,1,7.76,1,2261.9,2,0.3,1,15.03,1,0.56,1,2.73,1,0.8,1,2200,3,1106,3,1.64,3,1.06,3,2090,3,68.9,3,41.1,3
2.4,1000,Amb,25/10/2011,15.15,1,34.78,1,7.76,1,2261.9,2,0.17,1,30.62,1,1.07,1,0.86,1,1.15,1,2199.7,3,1105.9,3,1.64,3,1.06,3,2089.7,3,68.9,3,41.1,3
1.5,1000,Amb,31/10/2011,15.15,1,34.78,1,7.76,1,2024.9,1,0.28,1,13.92,1,0.33,1,1.72,1,0.88,1,1965.9,3,988.3,3,1.47,3,0.94,3,1867.6,3,61.6,3,36.7,3
2.4,1000,Amb,31/10/2011,15.58,1,34.55,1,7.783,1,2061.2,1,0.17,1,28.57,1,1.28,1,0.86,1,1.15,1,1993.9,3,955.9,3,1.59,3,1.02,3,1892.4,3,66.3,3,35.2,3
1.5,1000,Amb,07/11/2011,14.75,1,34.68,1,7.703,1,2246.4,1,0.33,1,15.63,1,0.88,1,0.87,1,0.77,1,2204.4,3,1260.4,3,1.42,3,0.91,3,2097.2,3,59.6,3,47.6,3
2.4,1000,Amb,07/11/2011,14.75,1,34.68,1,7.703,1,2003.3,1,0.18,1,30.9,1,1.3,1,1.26,1,1.29,1,1962.1,3,1121.8,3,1.27,3,0.81,3,1866.7,3,53.1,3,42.3,3
3.2,1000,Amb,07/11/2011,14.75,1,34.68,1,7.703,1,2225.9,1,0.29,1,39.22,1,1.78,1,0.85,1,1.27,1,2183.5,3,1248.4,3,1.41,3,0.91,3,2077.4,3,59.1,3,47,3
4.5,1000,Amb,07/11/2011,14.75,1,34.68,1,7.703,1,2068.9,1,0.16,1,104.95,1,0.36,1,0.79,1,1.22,1,2027.4,3,1159.2,3,1.31,3,0.84,3,1928.9,3,54.9,3,43.6,3
1.5,1000,Amb,14/11/2011,14.48,1,34.9,1,7.823,1,2287.1,1,0.33,1,16.05,1,0.69,1,1.52,1,0.63,1,2206.6,3,949.4,3,1.86,3,1.2,3,2092.4,3,78.2,3,36,3
2.4,1000,Amb,14/11/2011,14.48,1,34.9,1,7.823,1,2287.1,1,0.2,1,29.42,1,0.93,1,1.2,1,0.93,1,2206.3,3,949.3,3,1.86,3,1.2,3,2092.1,3,78.2,3,36,3
1.5,1000,Amb,21/11/2011,14.28,1,35.03,1,7.798,1,2231.8,1,0.24,1,17.49,1,0.32,1,0.77,1,0.55,1,2160.8,3,982.8,3,1.72,3,1.1,3,2051.2,3,72.1,3,37.5,3
2.4,1000,Amb,21/11/2011,14.28,1,35.03,1,7.798,1,2099.8,1,0.19,1,34.35,1,0.86,1,0.57,1,0.95,1,2030.5,3,923.5,3,1.61,3,1.04,3,1927.5,3,67.8,3,35.2,3
1.5,1000,Amb,12/12/2011,13.25,1,34.93,1,7.773,1,2332.9,1,0.16,1,19.66,1,0.24,1,0.64,1,0.33,1,2273.2,3,1084.3,3,1.65,3,1.05,3,2161.4,3,69.1,3,42.7,3
2.4,1000,Amb,12/12/2011,13.25,1,34.93,1,7.773,1,2142.9,1,0.22,1,34.83,1,0.66,1,1.14,1,1.27,1,2084.5,3,994.3,3,1.51,3,0.97,3,1981.9,3,63.4,3,39.2,3
3.2,1000,Amb,12/12/2011,13.25,1,34.93,1,7.773,1,2332.9,1,0.15,1,35.87,1,0.23,1,0.7,1,0.83,1,2272.7,3,1084.1,3,1.65,3,1.05,3,2160.9,3,69.1,3,42.7,3
4.5,1000,Amb,12/12/2011,13.25,1,34.93,1,7.773,1,2142.9,1,0.23,1,70.23,1,1.34,1,2.19,1,0.97,1,2084.7,3,994.4,3,1.51,3,0.97,3,1982.2,3,63.4,3,39.1,3
1.5,1000,Amb,19/12/2011,12.7,1,34.98,1,7.605,1,2283.6,1,0.18,1,17.65,1,0.27,1,1.15,1,0.3,1,2278.1,3,1590.4,3,1.1,3,0.7,3,2168.1,3,46.3,3,63.7,3
2.4,1000,Amb,19/12/2011,12.7,1,34.98,1,7.605,1,2149.3,1,0.2,1,36.76,1,0.54,1,0.79,1,1.25,1,2141.8,3,1495.3,3,1.04,3,0.66,3,2038.4,3,43.5,3,59.9,3
1.5,1000,Amb,09/01/2012,11.43,1,34.9,1,7.913,1,2319.3,1,0.11,1,19.5,1,0.23,1,0.74,1,0.29,1,2220.8,3,747.7,3,2.08,3,1.32,3,2102.5,3,87.1,3,31.2,3
2.4,1000,Amb,09/01/2012,11.43,1,34.9,1,7.913,1,2194.6,1,0.11,1,35.47,1,0.22,1,1.64,1,1.16,1,2098.3,3,706.4,3,1.96,3,1.25,3,1986.5,3,82.3,3,29.5,3
3.2,1000,Amb,09/01/2012,11.43,1,34.9,1,7.913,1,2319.3,1,0.1,1,40.77,1,0.12,1,0.57,1,0.97,1,2220.1,3,747.4,3,2.08,3,1.32,3,2101.8,3,87.1,3,31.2,3
4.5,1000,Amb,09/01/2012,11.43,1,34.9,1,7.913,1,2194.6,1,0.14,1,95.68,1,0.16,1,0.54,1,0.93,1,2098.5,3,706.5,3,1.96,3,1.25,3,1986.7,3,82.3,3,29.5,3
1.5,1000,Amb,18/01/2012,10.28,1,35,1,7.823,1,2204.1,1,0.03,1,11.66,1,0.13,1,0.46,1,0.04,1,2141.8,3,878.6,3,1.57,3,1,3,2037.6,3,66.1,3,38.1,3
2.4,1000,Amb,18/01/2012,10.28,1,35,1,7.823,1,2309.8,1,0.09,1,36.85,1,0.2,1,0.54,1,1.12,1,2245.1,3,920.9,3,1.65,3,1.05,3,2135.9,3,69.3,3,39.9,3
1.5,1000,Amb,24/01/2012,11.47,1,35,1,7.808,1,2185.4,1,0.06,1,8.41,1,0.4,1,0.59,1,0.04,1,2123.4,3,914.4,3,1.57,3,1,3,2019.3,3,66,3,38.1,3
2.4,1000,Amb,24/01/2012,11.47,1,35,1,7.808,1,2300.3,1,0.17,1,40.1,1,0.69,1,0.64,1,1.4,1,2235.4,3,962.6,3,1.65,3,1.05,3,2125.9,3,69.4,3,40.1,3
2.4,1000,Amb,02/02/2012,8.68,1,34.98,1,7.78,1,2163.8,1,0.16,1,36.57,1,0.56,1,0.32,1,1.22,1,2119.6,3,943.4,3,1.34,3,0.85,3,2020.5,3,56.1,3,43,3
1.5,1000,Amb,07/02/2012,10.38,1,34.95,1,7.78,1,2360,1,0.02,1,0.42,1,0.19,1,1.02,1,0.23,1,2309.1,3,1048.5,3,1.54,3,0.98,3,2199,3,64.7,3,45.4,3
2.4,1000,Amb,07/02/2012,10.38,1,34.95,1,7.78,1,2360,2,0.13,1,42.79,1,0.23,1,1.33,1,1.54,1,2307.8,3,1047.9,3,1.54,3,0.98,3,2197.8,3,64.7,3,45.3,3
3.2,1000,Amb,07/02/2012,10.38,1,34.95,1,7.78,1,2360,2,0.07,1,12.35,1,0.12,1,1.13,1,0.74,1,2308.6,3,1048.2,3,1.54,3,0.98,3,2198.6,3,64.7,3,45.3,3
4.5,1000,Amb,07/02/2012,10.38,1,34.95,1,7.78,1,2360,2,0.12,1,45.94,1,0.61,1,0.71,1,0.31,1,2309,3,1048.4,3,1.54,3,0.98,3,2199,3,64.7,3,45.3,3
1.5,1000,Amb,17/02/2012,8.93,1,34.75,1,7.808,1,2208,1,0.09,1,0.38,1,0.3,1,0.3,1,0.07,1,2156.2,3,903.4,3,1.45,3,0.92,3,2054.3,3,61,3,40.9,3
2.4,1000,Amb,17/02/2012,8.93,1,34.75,1,7.808,1,2208,2,0.16,1,35.54,1,0.26,1,0.62,1,0.88,1,2155.4,3,903.1,3,1.45,3,0.92,3,2053.5,3,60.9,3,41,3
1.5,1000,Amb,24/02/2012,9.38,1,34.8,1,7.835,1,2324.9,1,0.04,1,0.16,1,0.14,1,0.62,1,0.18,1,2261.5,3,894.1,3,1.65,3,1.05,3,2152.3,3,69.2,3,40,3
2.4,1000,Amb,24/02/2012,9.38,1,34.8,1,7.835,1,2181.2,1,0.09,1,34.84,1,0.08,1,0.38,1,0.63,1,2119.1,3,837.8,3,1.55,3,0.98,3,2016.9,3,64.8,3,37.4,3
1.5,1000,Amb,02/03/2012,8.65,1,34.78,1,7.853,1,2296,1,0.18,1,1.15,1,0.62,1,2.57,1,0.98,1,2229.4,3,838.3,3,1.65,3,1.05,3,2121.8,3,69.2,3,38.4,3
2.4,1000,Amb,02/03/2012,8.65,1,34.78,1,7.853,1,2231.4,1,0.17,1,23.63,1,0.31,1,3.37,1,0.87,1,2165.8,3,814.4,3,1.6,3,1.02,3,2061.3,3,67.2,3,37.3,3
1.5,1000,Amb,06/03/2012,10.33,1,34.8,1,7.828,1,2275.6,1,0.12,1,0.68,1,0.37,1,0.48,1,0.18,1,2211.2,3,898.3,3,1.64,3,1.04,3,2103.5,3,68.8,3,38.9,3
2.4,1000,Amb,06/03/2012,10.33,1,34.8,1,7.828,1,2176.7,1,0.13,1,22.8,1,0.25,1,0.84,1,0.59,1,2113.2,3,858.5,3,1.57,3,1,3,2010.3,3,65.7,3,37.2,3
3.2,1000,Amb,06/03/2012,10.55,1,35.03,1,7.805,1,2277.9,1,0.08,1,1.15,1,0.15,1,0.71,1,0.17,1,2219,3,952.1,3,1.58,3,1.01,3,2111.7,3,66.4,3,40.9,3
4.5,1000,Amb,06/03/2012,10.55,1,35.03,1,7.805,1,2226.3,1,0.25,1,18.31,1,1.19,1,0.65,1,0.26,1,2167.9,3,930.1,3,1.54,3,0.98,3,2063.1,3,64.9,3,39.9,3
1.5,1000,Amb,16/03/2012,10.43,1,34.7,1,7.828,1,2359.6,1,0.06,1,0.27,1,0.18,1,0.54,1,0.26,1,2294,3,933.7,3,1.7,3,1.08,3,2182.3,3,71.4,3,40.3,3
2.4,1000,Amb,16/03/2012,10.43,1,34.7,1,7.828,1,2359.6,2,0.16,1,21.27,1,0.43,1,0.31,1,0.43,1,2293.8,3,933.6,3,1.7,3,1.08,3,2182.1,3,71.4,3,40.3,3
1.5,1000,Amb,23/03/2012,10.43,1,34.7,1,7.828,1,2359.6,2,0.07,1,0.9,1,0.67,1,1.02,1,0.33,1,2293.9,3,933.7,3,1.7,3,1.08,3,2182.2,3,71.4,3,40.3,3
2.4,1000,Amb,23/03/2012,10.43,1,34.7,1,7.828,1,2359.6,2,0.14,1,16.64,1,0.28,1,2.35,1,0.4,1,2293.8,3,933.7,3,1.7,3,1.08,3,2182.1,3,71.4,3,40.3,3
1.5,1000,Amb,28/03/2012,10.43,1,34.7,1,7.828,1,2359.6,2,0.06,1,0.23,1,0.18,1,0.36,1,0.13,1,2294.1,3,933.8,3,1.7,3,1.08,3,2182.4,3,71.4,3,40.3,3
2.4,1000,Amb,28/03/2012,10.43,1,34.7,1,7.828,1,2359.6,2,0.09,1,13.06,1,0.17,1,0.51,1,0.25,1,2294,3,933.7,3,1.7,3,1.08,3,2182.3,3,71.4,3,40.3,3
1.5,1000,Amb,02/04/2012,10.43,1,34.7,1,7.828,1,2359.6,2,0.08,1,0.37,1,0.25,1,0.13,1,0.12,1,2294.1,3,933.8,3,1.7,3,1.08,3,2182.4,3,71.4,3,40.3,3
2.4,1000,Amb,02/04/2012,10.43,1,34.7,1,7.828,1,2359.6,2,0.1,1,10.85,1,0.17,1,0.14,1,0.26,1,2294,3,933.7,3,1.7,3,1.08,3,2182.3,3,71.4,3,40.3,3
1.5,1000,Amb,12/04/2012,10.43,1,34.7,1,7.828,1,2359.6,2,0.07,1,0.24,1,0.21,1,0.37,1,0.09,1,2294.2,3,933.8,3,1.7,3,1.08,3,2182.4,3,71.4,3,40.4,3
2.4,1000,Amb,12/04/2012,10.43,1,34.7,1,7.828,1,2359.6,2,0.07,1,5.13,1,0.13,1,0.31,1,0.16,1,2294.1,3,933.8,3,1.7,3,1.08,3,2182.4,3,71.4,3,40.3,3
3.2,1000,Amb,12/04/2012,10.43,1,34.7,1,7.828,1,2359.6,2,0.08,1,2.71,1,0.26,1,0.45,1,0.16,1,2294.1,3,933.8,3,1.7,3,1.08,3,2182.4,3,71.4,3,40.3,3
4.5,1000,Amb,12/04/2012,10.43,1,34.7,1,7.828,1,2359.6,2,0.15,1,2.87,1,0.26,1,0.25,1,0.19,1,2294.1,3,933.7,3,1.7,3,1.08,3,2182.3,3,71.4,3,40.4,3
1.5,1000,Amb,16/04/2012,10.43,1,34.7,1,7.828,1,2359.6,2,0.11,1,0.9,1,0.35,1,0.57,1,0.3,1,2294,3,933.7,3,1.7,3,1.08,3,2182.2,3,71.4,3,40.4,3
2.4,1000,Amb,16/04/2012,10.43,1,34.7,1,7.828,1,2359.6,2,0.08,1,4.56,1,0.15,1,0.44,1,0.35,1,2293.9,3,933.7,3,1.7,3,1.08,3,2182.2,3,71.4,3,40.3,3
1.5,1000,Amb,24/04/2012,10.43,1,34.7,1,7.828,1,2359.6,2,0.14,1,0.98,1,0.46,1,0.17,1,0.29,1,2294,3,933.7,3,1.7,3,1.08,3,2182.3,3,71.4,3,40.3,3
2.4,1000,Amb,24/04/2012,10.43,1,34.7,1,7.828,1,2359.6,2,0.12,1,3.49,1,0.2,1,0.26,1,0.38,1,2293.9,3,933.7,3,1.7,3,1.08,3,2182.2,3,71.4,3,40.3,3
3.2,1000,Amb,03/05/2012,10.43,1,34.7,1,7.828,1,2359.6,2,0.1,1,2.32,1,0.06,1,1.06,1,0.19,1,2294.1,3,933.7,3,1.7,3,1.08,3,2182.3,3,71.4,3,40.4,3
4.5,1000,Amb,03/05/2012,10.43,1,34.7,1,7.828,1,2359.6,2,0.11,1,3.67,1,1.25,1,0.86,1,0.21,1,2294,3,933.7,3,1.7,3,1.08,3,2182.3,3,71.4,3,40.3,3
3.2,1000,Amb,28/05/2012,10.43,1,34.7,1,7.828,1,2359.6,2,0.12,1,1.3,1,0.15,1,0.59,1,0.15,1,2294.1,3,933.8,3,1.7,3,1.08,3,2182.4,3,71.4,3,40.3,3
1.3,380,Amb+2,14/02/2011,13.1,1,34.75,1,7.96,1,2368.2,1,0.46,1,16.84,1,8.64,1,5.16,1,0.58,1,2243.7,3,688.9,3,2.46,3,1.57,3,2113.5,3,102.9,3,27.3,3
2.1,380,Amb+2,14/02/2011,13.1,1,34.75,1,7.96,1,2368.2,2,0.24,1,9.04,1,12.92,1,5.98,1,0.51,1,2243.7,3,688.9,3,2.46,3,1.57,3,2113.5,3,102.9,3,27.3,3
3.4,380,Amb+2,14/02/2011,13.1,1,34.75,1,7.96,1,2347.9,1,0.32,1,10.26,1,13.09,1,5.86,1,0.91,1,2223.7,3,682.7,3,2.43,3,1.56,3,2094.6,3,102,3,27.1,3
4.3,380,Amb+2,14/02/2011,13.1,1,34.75,1,7.96,1,2356.6,1,0.21,1,9.13,1,12.53,1,6.27,1,0.51,1,2232.5,3,685.4,3,2.44,3,1.56,3,2102.9,3,102.4,3,27.2,3
1.3,380,Amb+2,21/02/2011,12.78,1,34.7,1,7.96,1,2356.6,2,2.4,1,25.53,1,18.35,1,2.67,1,1.48,1,2233.4,3,683.6,3,2.42,3,1.54,3,2104.8,3,101.2,3,27.4,3
2.1,380,Amb+2,21/02/2011,12.78,1,34.7,1,7.96,1,2356.6,2,1.22,1,14.63,1,23.71,1,6.06,1,1.2,1,2233.6,3,683.7,3,2.42,3,1.54,3,2105,3,101.2,3,27.4,3
1.3,380,Amb+2,28/02/2011,12.38,1,34.83,1,7.995,1,2356.6,2,5.07,1,30.31,1,21.32,1,1.82,1,1.74,1,2221.2,3,622.2,3,2.57,3,1.64,3,2088.2,3,107.7,3,25.3,3
2.1,380,Amb+2,28/02/2011,12.38,1,34.83,1,7.995,1,2356.6,2,3.17,1,23.15,1,28,1,6.59,1,1.3,1,2221.5,3,622.3,3,2.57,3,1.64,3,2088.5,3,107.8,3,25.2,3
1.3,380,Amb+2,07/03/2011,12.13,1,34.78,1,7.915,1,2356.6,2,7.21,1,31.55,1,26.07,1,0.98,1,1.49,1,2252.6,3,761.3,3,2.16,3,1.38,3,2131,3,90.5,3,31.1,3
2.1,380,Amb+2,07/03/2011,12.13,1,34.78,1,7.915,1,2356.6,2,9.45,1,34.71,1,31.65,1,7.91,1,1.48,1,2252.5,3,761.3,3,2.16,3,1.38,3,2130.9,3,90.5,3,31.1,3
3.4,380,Amb+2,07/03/2011,12.13,1,34.78,1,7.915,1,2356.6,2,18.42,1,41.65,1,21.13,1,5.26,1,2.53,1,2251.5,3,761,3,2.16,3,1.38,3,2129.9,3,90.5,3,31.1,3
4.3,380,Amb+2,07/03/2011,12.13,1,34.78,1,7.915,1,2356.6,2,7.75,1,28.98,1,33.46,1,6.05,1,1.02,1,2253,3,761.5,3,2.16,3,1.38,3,2131.4,3,90.6,3,31,3
1.3,380,Amb+2,14/03/2011,11.5,1,34.85,1,7.893,1,2356.6,2,14.08,1,46.32,1,25.16,1,1.09,1,1.84,1,2262.5,3,799.5,3,2.02,3,1.29,3,2144.3,3,84.9,3,33.3,3
2.1,380,Amb+2,14/03/2011,11.5,1,34.85,1,7.893,1,2356.6,2,28.83,1,54.13,1,24.75,1,7.58,1,1.57,1,2262.7,3,799.5,3,2.03,3,1.29,3,2144.4,3,84.9,3,33.4,3
1.3,380,Amb+2,21/03/2011,11.43,1,34.9,1,7.745,1,2356.6,2,28.98,1,57.62,1,12.31,1,0.86,1,1.59,1,2311.5,3,1152.6,3,1.48,3,0.94,3,2201.5,3,61.9,3,48.1,3
2.1,380,Amb+2,21/03/2011,11.43,1,34.9,1,7.745,1,2356.6,2,61.24,1,85.19,1,2.53,1,7.59,1,1.45,1,2311.6,3,1152.7,3,1.48,3,0.94,3,2201.5,3,61.9,3,48.2,3
1.3,380,Amb+2,30/03/2011,12.08,1,35.23,1,8.065,1,2356.6,2,29.18,1,69.5,1,2.24,1,1.34,1,1.42,1,2192.6,3,516,3,2.95,3,1.89,3,2047.4,3,124.2,3,21,3
2.1,380,Amb+2,30/03/2011,12.08,1,35.23,1,8.065,1,2356.6,2,62.55,1,93.09,1,2.01,1,7.23,1,1.11,1,2192.8,3,516.1,3,2.95,3,1.89,3,2047.5,3,124.2,3,21.1,3
1.3,380,Amb+2,04/04/2011,11.08,1,35,1,8.065,1,2356.6,2,19.82,1,81.94,1,1.35,1,0.64,1,1.54,1,2199.3,3,513.2,3,2.85,3,1.82,3,2057.8,3,119.8,3,21.7,3
2.1,380,Amb+2,04/04/2011,11.08,1,35,1,8.065,1,2356.6,2,60.69,1,96.53,1,1.77,1,5.92,1,1.1,1,2199.6,3,513.3,3,2.85,3,1.82,3,2058.1,3,119.9,3,21.6,3
3.4,380,Amb+2,04/04/2011,11.08,1,35,1,8.065,1,2356.6,2,34.74,1,72.19,1,1.69,1,0.68,1,2.21,1,2198.6,3,513,3,2.85,3,1.82,3,2057.2,3,119.8,3,21.6,3
4.3,380,Amb+2,04/04/2011,11.08,1,35,1,8.065,1,2356.6,2,47.22,1,66.85,1,2.32,1,0.72,1,0.73,1,2200.1,3,513.4,3,2.86,3,1.82,3,2058.6,3,119.9,3,21.6,3
1.3,380,Amb+2,11/04/2011,10.73,1,35.1,1,8.025,1,2356.6,2,6.03,1,99.38,1,1.41,1,0.7,1,1.59,1,2216.7,3,566.8,3,2.61,3,1.66,3,2082.9,3,109.6,3,24.2,3
2.1,380,Amb+2,11/04/2011,10.73,1,35.1,1,8.025,1,2356.6,2,64.89,1,119.46,1,1.4,1,5.77,1,1.02,1,2217.2,3,566.9,3,2.61,3,1.66,3,2083.4,3,109.6,3,24.2,3
1.3,380,Amb+2,19/04/2011,10.5,1,35.05,1,8.025,1,2356.6,2,2.51,1,132.68,1,1.39,1,0.64,1,2.05,1,2217.7,3,565.9,3,2.59,3,1.65,3,2084.7,3,108.7,3,24.3,3
2.1,380,Amb+2,19/04/2011,10.5,1,35.05,1,8.025,1,2356.6,2,45.96,1,139.79,1,1.43,1,5.73,1,1.24,1,2218.4,3,566.1,3,2.59,3,1.65,3,2085.3,3,108.7,3,24.4,3
1.3,380,Amb+2,04/05/2011,12.83,1,35.13,1,7.955,1,2356.6,2,0.32,1,93.07,1,1.33,1,1.87,1,1.81,1,2232.7,3,689.7,3,2.41,3,1.54,3,2103.8,3,101.4,3,27.5,3
2.1,380,Amb+2,04/05/2011,12.83,1,35.13,1,7.955,1,2356.6,2,0.69,1,128.78,1,1.58,1,3.75,1,1.2,1,2233.3,3,689.9,3,2.41,3,1.54,3,2104.4,3,101.4,3,27.5,3
1.3,380,Amb+2,10/05/2011,11.4,1,35.35,1,7.825,1,2356.6,2,0.27,1,102.99,1,1.59,1,1.34,1,1.98,1,2283.8,3,942.1,3,1.76,3,1.13,3,2170.2,3,74.2,3,39.4,3
2.1,380,Amb+2,10/05/2011,11.4,1,35.35,1,7.825,1,2356.6,2,0.28,1,129.69,1,1.36,1,2.31,1,1.08,1,2284.6,3,942.5,3,1.77,3,1.13,3,2171.1,3,74.3,3,39.2,3
3.4,380,Amb+2,10/05/2011,11.4,1,35.35,1,7.825,1,2356.6,2,0.39,1,88.17,1,2.75,1,1.89,1,2.08,1,2283.6,3,942.1,3,1.76,3,1.13,3,2170.1,3,74.2,3,39.3,3
4.3,380,Amb+2,10/05/2011,11.4,1,35.35,1,7.825,1,2356.6,2,0.48,1,124.37,1,1.58,1,0.72,1,0.98,1,2284.8,3,942.5,3,1.77,3,1.13,3,2171.2,3,74.3,3,39.3,3
1.3,380,Amb+2,16/05/2011,11.73,1,35.38,1,7.775,1,2395.6,1,0.4,1,108.89,1,2.14,1,0.62,1,1.6,1,2337.7,3,1087.4,3,1.63,3,1.04,3,2224.2,3,68.6,3,44.9,3
2.1,380,Amb+2,16/05/2011,11.73,1,35.38,1,7.775,1,2395.6,2,0.47,1,124.02,1,2.73,1,5.81,1,2.84,1,2336.4,3,1086.8,3,1.63,3,1.04,3,2223,3,68.6,3,44.8,3
1.3,380,Amb+2,23/05/2011,11.43,1,35.35,1,7.878,1,2395.6,2,0.78,1,84.68,1,3.3,1,0.91,1,1.58,1,2304.3,3,839.7,3,2.01,3,1.28,3,2184.8,3,84.5,3,35,3
2.1,380,Amb+2,23/05/2011,11.43,1,35.35,1,7.878,1,2395.6,2,0.34,1,104.45,1,1.74,1,3.68,1,1.86,1,2304,3,839.6,3,2.01,3,1.28,3,2184.5,3,84.5,3,35,3
1.3,380,Amb+2,01/06/2011,11.1,1,35.48,1,7.863,1,2395.6,2,0.3,1,95.14,1,2.4,1,0.64,1,1.73,1,2310.3,3,868.2,3,1.93,3,1.23,3,2192.5,3,81.3,3,36.5,3
2.1,380,Amb+2,01/06/2011,11.1,1,35.48,1,7.863,1,2395.6,2,0.19,1,124.96,1,1.21,1,1.01,1,1.11,1,2310.9,3,868.4,3,1.93,3,1.23,3,2193.1,3,81.3,3,36.5,3
1.3,380,Amb+2,06/06/2011,12.73,1,35.35,1,7.89,1,2395.6,2,0.1,1,78.4,1,0.74,1,2.41,1,1.3,1,2294.5,3,824.6,3,2.15,3,1.37,3,2171.2,3,90.3,3,33,3
2.1,380,Amb+2,06/06/2011,12.73,1,35.35,1,7.89,1,2395.6,2,0.18,1,126.17,1,1.14,1,1.07,1,1.11,1,2294.7,3,824.7,3,2.15,3,1.37,3,2171.4,3,90.3,3,33,3
3.4,380,Amb+2,06/06/2011,12.73,1,35.35,1,7.89,1,2395.6,2,0.12,1,92.9,1,1.04,1,0.76,1,1.47,1,2294.3,3,824.5,3,2.15,3,1.37,3,2171.1,3,90.3,3,32.9,3
4.3,380,Amb+2,06/06/2011,12.73,1,35.35,1,7.89,1,2395.6,2,0.14,1,110.03,1,1.18,1,0.76,1,1.22,1,2294.6,3,824.6,3,2.15,3,1.37,3,2171.3,3,90.3,3,33,3
1.3,380,Amb+2,15/06/2011,13.08,1,35.5,1,7.89,1,2395.6,2,0.14,1,75.1,1,1.68,1,1.19,1,1.47,1,2292.1,3,826,3,2.18,3,1.39,3,2167.8,3,91.6,3,32.7,3
2.1,380,Amb+2,15/06/2011,13.08,1,35.5,1,7.89,1,2395.6,2,0.16,1,107.55,1,1.18,1,1.11,1,0.99,1,2292.5,3,826.2,3,2.18,3,1.39,3,2168.3,3,91.6,3,32.6,3
1.1,380,Amb+2,20/06/2011,13.9,1,35.28,1,7.943,1,2395.6,2,0.09,1,66.79,1,1.64,1,1.29,1,2.01,1,2268.8,3,728.7,3,2.48,3,1.59,3,2136.5,3,104.3,3,28,3
1.3,380,Amb+2,20/06/2011,13.9,1,35.28,1,7.943,1,2395.6,2,0.1,1,78.2,1,0.87,1,0.63,1,1.43,1,2269.4,3,728.9,3,2.48,3,1.59,3,2137,3,104.3,3,28.1,3
1.1,380,Amb+2,27/06/2011,13.43,1,35.15,1,8.043,1,2395.6,2,0.13,1,80.96,1,1.31,1,0.65,1,1.7,1,2231.8,3,561.9,3,2.99,3,1.91,3,2084.2,3,125.6,3,22,3
1.3,380,Amb+2,27/06/2011,13.43,1,35.15,1,8.043,1,2395.6,2,0.08,1,54.53,1,0.65,1,0.82,1,1.55,1,2231.9,3,561.9,3,2.99,3,1.91,3,2084.3,3,125.6,3,22,3
1.1,380,Amb+2,04/07/2011,13.85,1,35.4,1,8.023,1,2395.6,2,0.15,1,87.12,1,1.39,1,1.67,1,2.03,1,2236.1,3,592.2,3,2.92,3,1.87,3,2090.4,3,122.9,3,22.8,3
1.3,380,Amb+2,04/07/2011,13.85,1,35.4,1,8.023,1,2395.6,2,0.1,1,52.84,1,0.81,1,0.65,1,1.43,1,2236.8,3,592.4,3,2.92,3,1.87,3,2091,3,122.9,3,22.9,3
4.2,380,Amb+2,04/07/2011,13.85,1,35.4,1,8.023,1,2395.6,2,0.12,1,45.34,1,1.01,1,1.22,1,0.71,1,2237.5,3,592.6,3,2.92,3,1.87,3,2091.7,3,122.9,3,22.9,3
4.3,380,Amb+2,04/07/2011,13.85,1,35.4,1,8.023,1,2152.5,1,0.12,1,69.05,1,1.07,1,1.02,1,1.23,1,2004.3,3,530.8,3,2.62,3,1.68,3,1873.7,3,110.1,3,20.5,3
1.1,380,Amb+2,11/07/2011,16.48,1,35.1,1,8.048,1,2152.5,2,0.15,1,92.4,1,1.55,1,1.68,1,2.17,1,1981.2,3,508.3,3,2.96,3,1.9,3,1839,3,124,3,18.2,3
1.3,380,Amb+2,11/07/2011,16.48,1,35.1,1,8.048,1,2152.5,2,0.1,1,51.03,1,0.94,1,2.4,1,1.98,1,1981.4,3,508.3,3,2.96,3,1.91,3,1839.2,3,124,3,18.2,3
1.1,380,Amb+2,09/08/2011,16.48,1,35.1,1,8.048,1,2152.5,2,0.14,1,70.45,1,0.88,1,0.72,1,1.29,1,1982.1,3,508.5,3,2.96,3,1.91,3,1839.9,3,124.1,3,18.1,3
1.3,380,Amb+2,09/08/2011,18.08,1,35.2,1,7.91,1,2419,1,0.45,1,82.64,1,4.68,1,1.3,1,1.51,1,2284.7,3,829.5,3,2.65,3,1.72,3,2145.2,3,111.3,3,28.2,3
4.2,380,Amb+2,09/08/2011,18.08,1,35.2,1,7.91,1,2258.9,1,0.23,1,71.95,1,2.09,1,0.62,1,0.62,1,2131.1,3,773.8,3,2.47,3,1.6,3,2001,3,103.8,3,26.3,3
4.3,380,Amb+2,09/08/2011,18.08,1,35.2,1,7.91,1,2185.1,1,0.47,1,98.58,1,2.09,1,0.87,1,1.15,1,2059.3,3,747.7,3,2.39,3,1.55,3,1933.6,3,100.3,3,25.4,3
1.1,380,Amb+2,07/09/2011,18.05,1,35.38,1,8.083,1,2053.4,1,0.32,1,104.89,1,2.14,1,1.62,1,1.51,1,1863.1,3,444.7,3,3.17,3,2.05,3,1715,3,133,3,15.1,3
1.3,380,Amb+2,07/09/2011,18.05,1,35.38,1,8.083,1,2098.1,1,0.35,1,45.21,1,2.88,1,1.71,1,1.08,1,1905.6,3,454.8,3,3.24,3,2.1,3,1754.1,3,136,3,15.5,3
4.2,380,Amb+2,07/09/2011,18.05,1,35.38,1,8.083,1,2053.4,1,0.17,1,42.32,1,1.85,1,0.54,1,0.39,1,1864.3,3,445,3,3.17,3,2.05,3,1716.1,3,133.1,3,15.1,3
4.3,380,Amb+2,07/09/2011,18.05,1,35.38,1,8.083,1,2098.1,1,0.33,1,82.61,1,0.95,1,0.76,1,0.84,1,1905.9,3,454.9,3,3.24,3,2.1,3,1754.4,3,136,3,15.5,3
1.1,380,Amb+2,10/10/2011,18.05,1,35.38,1,8.083,1,2053.4,1,0.18,1,57.19,1,1.76,1,1.12,1,1.87,1,1862.8,3,444.6,3,3.17,3,2.05,3,1714.7,3,133,3,15.1,3
1.3,380,Amb+2,10/10/2011,18.05,1,35.38,1,8.083,1,2098.1,1,0.26,1,26.66,1,0.81,1,1.53,1,1.67,1,1905,3,454.7,3,3.24,3,2.1,3,1753.6,3,136,3,15.4,3
4.2,380,Amb+2,10/10/2011,18.05,1,35.38,1,8.083,1,2053.4,1,0.22,1,43.62,1,0.69,1,1.19,1,0.91,1,1863.8,3,444.9,3,3.17,3,2.05,3,1715.6,3,133,3,15.2,3
4.3,380,Amb+2,10/10/2011,18.05,1,35.38,1,8.083,1,2098.1,1,0.22,1,78.57,1,0.3,1,1.19,1,1.35,1,1905.4,3,454.8,3,3.24,3,2.1,3,1753.9,3,136,3,15.5,3
1.1,380,Amb+2,20/10/2011,17.83,1,34.93,1,7.965,1,2054.4,1,0.23,1,43.99,1,1.53,1,1.26,1,2.19,1,1914.6,3,609,3,2.48,3,1.6,3,1789.9,3,103.8,3,20.9,3
1.3,380,Amb+2,20/10/2011,17.83,1,34.93,1,7.965,1,2103.2,1,0.33,1,18.34,1,0.93,1,2.46,1,1.8,1,1961.7,3,624,3,2.54,3,1.64,3,1834,3,106.3,3,21.4,3
1.1,380,Amb+2,25/10/2011,17.83,1,34.93,1,7.965,1,2054.4,1,0.27,1,46.83,1,2.61,1,0.99,1,2.15,1,1914.6,3,609,3,2.48,3,1.6,3,1789.9,3,103.8,3,20.9,3
1.3,380,Amb+2,25/10/2011,17.83,1,34.93,1,7.965,1,2103.2,1,0.3,1,16.02,1,0.98,1,1.4,1,1.63,1,1961.9,3,624.1,3,2.54,3,1.64,3,1834.1,3,106.3,3,21.5,3
1.1,380,Amb+2,31/10/2011,18.25,1,34.7,1,7.975,1,2069,1,0.21,1,49.92,1,1.16,1,0.89,1,2.26,1,1923.8,3,601,3,2.57,3,1.66,3,1796,3,107.4,3,20.4,3
1.3,380,Amb+2,31/10/2011,18.08,1,34.75,1,7.903,1,2008.3,1,0.23,1,12.72,1,0.48,1,1.2,1,1.56,1,1892.8,3,701,3,2.15,3,1.39,3,1779.1,3,89.7,3,24,3
1.1,380,Amb+2,07/11/2011,17.6,1,34.95,1,7.903,1,2010.4,1,0.22,1,55.85,1,1.52,1,0.96,1,2.4,1,1895.1,3,697.5,3,2.12,3,1.37,3,1782,3,89,3,24.1,3
1.3,380,Amb+2,07/11/2011,17.6,1,34.95,1,7.903,1,2189.4,1,0.26,1,13.6,1,0.53,1,0.85,1,1.49,1,2069.1,3,761.5,3,2.32,3,1.5,3,1945.6,3,97.1,3,26.4,3
4.2,380,Amb+2,07/11/2011,17.6,1,34.95,1,7.903,1,2123.3,1,0.2,1,44.87,1,0.28,1,0.97,1,1.35,1,2005.3,3,738,3,2.25,3,1.45,3,1885.6,3,94.1,3,25.6,3
4.3,380,Amb+2,07/11/2011,17.6,1,34.95,1,7.903,1,2087.9,1,0.14,1,77.08,1,0.15,1,0.8,1,1.05,1,1971.4,3,725.5,3,2.21,3,1.43,3,1853.7,3,92.5,3,25.2,3
1.1,380,Amb+2,14/11/2011,16.93,1,34.9,1,8.043,1,2130.5,1,0.27,1,42.86,1,0.65,1,1.05,1,1.68,1,1961.6,3,512.4,3,2.93,3,1.89,3,1821,3,122.6,3,18,3
1.3,380,Amb+2,14/11/2011,16.93,1,34.9,1,8.043,1,2120.3,1,0.27,1,12.29,1,1.12,1,2.35,1,1.37,1,1952.2,3,510,3,2.91,3,1.88,3,1812.3,3,122,3,17.9,3
1.1,380,Amb+2,21/11/2011,17.68,1,35.13,1,8.03,1,2194,1,0.18,1,45.94,1,0.64,1,0.67,1,1.73,1,2022.1,3,548.2,3,3.01,3,1.95,3,1876.8,3,126.4,3,18.9,3
1.3,380,Amb+2,21/11/2011,17.68,1,35.13,1,8.03,1,2193.3,1,0.28,1,13.82,1,0.39,1,1.12,1,1.36,1,2021.8,3,548.1,3,3.01,3,1.95,3,1876.5,3,126.4,3,18.9,3
1.1,380,Amb+2,12/12/2011,15.6,1,35.18,1,8.025,1,2158.4,1,0.15,1,31.27,1,0.58,1,1.01,1,1.67,1,2000.9,3,537.7,3,2.76,3,1.78,3,1865.1,3,116.1,3,19.7,3
1.3,380,Amb+2,12/12/2011,15.6,1,35.18,1,8.025,1,2108.7,1,0.46,1,20.93,1,0.55,1,2.07,1,2.09,1,1953.1,3,524.9,3,2.7,3,1.74,3,1820.5,3,113.3,3,19.3,3
4.2,380,Amb+2,12/12/2011,16.5,1,34.98,1,8.035,1,2181.9,1,0.18,1,45.36,1,0.25,1,1.61,1,1.29,1,2016,3,534.4,3,2.92,3,1.88,3,1874.5,3,122.4,3,19.1,3
4.3,380,Amb+2,12/12/2011,16.5,1,34.98,1,8.035,1,2205.7,1,0.19,1,53.94,1,0.28,1,1.98,1,0.85,1,2039.1,3,540.5,3,2.95,3,1.9,3,1896,3,123.8,3,19.3,3
1.1,380,Amb+2,19/12/2011,16.5,1,34.98,1,8.035,1,2181.9,1,0.23,1,31.87,1,0.47,1,2.21,1,1.54,1,2015.7,3,534.3,3,2.92,3,1.88,3,1874.3,3,122.4,3,19,3
1.3,380,Amb+2,19/12/2011,16.5,1,34.98,1,8.035,1,2205.7,1,0.32,1,17.44,1,0.44,1,2.13,1,1.51,1,2038.4,3,540.3,3,2.95,3,1.9,3,1895.4,3,123.7,3,19.3,3
1.1,380,Amb+2,09/01/2012,15.68,1,34.78,1,8.095,1,2157,1,0.15,1,37,1,0.17,1,1.39,1,1.65,1,1972.3,3,449,3,3.16,3,2.03,3,1823.6,3,132.3,3,16.4,3
1.3,380,Amb+2,09/01/2012,15.68,1,34.78,1,8.095,1,2202.1,1,0.18,1,26.04,1,0.26,1,1.85,1,1.6,1,2014.9,3,458.7,3,3.23,3,2.07,3,1863,3,135.1,3,16.8,3
4.2,380,Amb+2,09/01/2012,15.68,1,34.78,1,8.095,1,2157,1,0.13,1,69.02,1,0.11,1,1.14,1,1.44,1,1972.5,3,449,3,3.16,3,2.03,3,1823.8,3,132.3,3,16.4,3
4.3,380,Amb+2,09/01/2012,15.68,1,34.78,1,8.095,1,2202.1,1,0.1,1,69.36,1,0.13,1,0.71,1,1.06,1,2015.5,3,458.8,3,3.23,3,2.08,3,1863.5,3,135.2,3,16.8,3
1.1,380,Amb+2,18/01/2012,13.9,1,35,1,8.038,1,2191.6,1,0.15,1,39.21,1,0.41,1,0.59,1,1.64,1,2037.2,3,522.2,3,2.73,3,1.75,3,1902.4,3,114.7,3,20.1,3
1.3,380,Amb+2,18/01/2012,13.9,1,35,1,8.038,1,2194.1,1,0.15,1,22.05,1,0.34,1,0.83,1,1.31,1,2039.9,3,522.9,3,2.74,3,1.75,3,1904.9,3,114.9,3,20.1,3
1.1,380,Amb+2,24/01/2012,12.7,1,34.5,1,8.083,1,2177.2,1,0.19,1,42.11,1,0.6,1,0.7,1,1.84,1,2014.3,3,459.4,3,2.84,3,1.81,3,1876.9,3,118.9,3,18.5,3
1.3,380,Amb+2,24/01/2012,12.7,1,34.5,1,8.083,1,2207.8,1,0.2,1,23.17,1,0.39,1,0.92,1,1.44,1,2043.8,3,466.2,3,2.88,3,1.84,3,1904.5,3,120.6,3,18.7,3
1.1,380,Amb+2,02/02/2012,12.03,1,34.7,1,8.083,1,2181.1,1,0.16,1,37.19,1,0.84,1,0.54,1,1.81,1,2020.5,3,457,3,2.8,3,1.79,3,1884.5,3,117.3,3,18.7,3
1.1,380,Amb+2,02/02/2012,12.03,1,34.7,1,8.083,1,2163.8,1,0.09,1,3.55,1,0.7,1,0.5,1,0.11,1,2005.7,3,453.6,3,2.78,3,1.77,3,1870.7,3,116.4,3,18.6,3
1.3,380,Amb+2,02/02/2012,12.03,1,34.7,1,8.083,1,2211.4,1,0.23,1,18.31,1,0.5,1,0.63,1,1.17,1,2050.1,3,463.7,3,2.84,3,1.81,3,1912.1,3,119,3,19,3
1.1,380,Amb+2,07/02/2012,13.05,1,34.75,1,8.083,1,2173.4,1,0.08,1,35.32,1,0.2,1,0.5,1,1.58,1,2007.6,3,458.6,3,2.88,3,1.84,3,1868.8,3,120.6,3,18.2,3
1.3,380,Amb+2,07/02/2012,13.05,1,34.75,1,8.083,1,2178.9,1,0.1,1,15.65,1,0.14,1,0.74,1,0.92,1,2013.5,3,460,3,2.89,3,1.85,3,1874.3,3,121,3,18.2,3
4.2,380,Amb+2,07/02/2012,12.78,1,34.8,1,8.073,1,2201.4,1,0.11,1,60.15,1,0.17,1,0.49,1,0.76,1,2040.4,3,476,3,2.84,3,1.81,3,1902.3,3,119,3,19.1,3
4.3,380,Amb+2,07/02/2012,12.78,1,34.8,1,8.073,1,2263.4,1,0.17,1,44.07,1,0.31,1,0.55,1,0.56,1,2099.7,3,489.8,3,2.92,3,1.87,3,1957.6,3,122.5,3,19.6,3
1.1,380,Amb+2,17/02/2012,12.83,1,34.73,1,7.963,1,2172.4,1,0.3,1,30.95,1,7.01,1,0.45,1,1.35,1,2053.9,3,624.4,3,2.24,3,1.43,3,1935,3,93.9,3,25,3
1.3,380,Amb+2,17/02/2012,12.83,1,34.73,1,7.963,1,2230.2,1,0.33,1,17.1,1,0.8,1,0.58,1,0.99,1,2110.2,3,641.5,3,2.3,3,1.47,3,1988,3,96.5,3,25.7,3
1.1,380,Amb+2,24/02/2012,13.05,1,34.93,1,7.92,1,2145.3,1,0.3,1,34.31,1,2.01,1,1.63,1,1.54,1,2040.4,3,687.6,3,2.05,3,1.31,3,1927.3,3,85.9,3,27.2,3
1.3,380,Amb+2,24/02/2012,13.05,1,34.93,1,7.92,1,2189.9,1,0.28,1,20.21,1,0.57,1,0.52,1,1.04,1,2084.3,3,702.4,3,2.09,3,1.34,3,1968.7,3,87.7,3,27.9,3
1.1,380,Amb+2,02/03/2012,13.05,1,34.6,1,8.058,1,2182.3,1,0.32,1,40.38,1,1.83,1,0.77,1,1.61,1,2027,3,492.4,3,2.74,3,1.75,3,1892.6,3,114.8,3,19.6,3
1.3,380,Amb+2,02/03/2012,13.05,1,34.6,1,8.058,1,2181.8,1,0.21,1,13.66,1,1.17,1,5.2,1,2.39,1,2025.6,3,492.1,3,2.74,3,1.75,3,1891.3,3,114.8,3,19.5,3
1.1,380,Amb+2,06/03/2012,13.28,1,34.83,1,8.06,1,2233.3,1,0.32,1,43.75,1,1.2,1,0.71,1,1.65,1,2072.4,3,501.3,3,2.85,3,1.82,3,1933.2,3,119.5,3,19.7,3
1.3,380,Amb+2,06/03/2012,13.28,1,34.83,1,8.06,1,2149.9,1,0.18,1,20.14,1,0.34,1,1.01,1,1,1,1993.5,3,482.2,3,2.74,3,1.75,3,1859.6,3,114.9,3,19,3
4.2,380,Amb+2,06/03/2012,13.75,1,34.88,1,8.065,1,2166.2,1,0.11,1,42.92,1,0.22,1,0.86,1,0.51,1,2004.7,3,481.2,3,2.83,3,1.81,3,1867.3,3,118.8,3,18.6,3
4.3,380,Amb+2,06/03/2012,13.75,1,34.88,1,8.065,1,2227,1,0.09,1,25.67,1,0.14,1,0.79,1,0.38,1,2062.8,3,495.2,3,2.91,3,1.87,3,1921.3,3,122.2,3,19.3,3
1.1,380,Amb+2,16/03/2012,13.38,1,34.85,1,8.083,1,2168.9,1,0.23,1,44.61,1,0.48,1,1.18,1,1.92,1,2000.7,3,458.1,3,2.9,3,1.86,3,1860.9,3,121.8,3,18,3
1.3,380,Amb+2,16/03/2012,13.38,1,34.85,1,8.083,1,2242.6,1,0.11,1,19.01,1,0.24,1,0.89,1,1.04,1,2071.6,3,474.4,3,3.01,3,1.92,3,1926.9,3,126.1,3,18.6,3
1.1,380,Amb+2,23/03/2012,13.38,1,34.85,1,8.083,1,2242.6,2,0.24,1,37.7,1,0.48,1,2.11,1,1.45,1,2071.2,3,474.3,3,3.01,3,1.92,3,1926.5,3,126.1,3,18.6,3
1.3,380,Amb+2,23/03/2012,13.38,1,34.85,1,8.083,1,2242.6,2,0.09,1,8.36,1,0.21,1,0.48,1,0.5,1,2072.2,3,474.5,3,3.01,3,1.92,3,1927.4,3,126.1,3,18.7,3
1.1,380,Amb+2,28/03/2012,13.38,1,34.85,1,8.083,1,2242.6,2,0.22,1,39.73,1,0.38,1,1.55,1,1.48,1,2071.2,3,474.3,3,3.01,3,1.92,3,1926.5,3,126,3,18.7,3
1.3,380,Amb+2,28/03/2012,13.38,1,34.85,1,8.083,1,2242.6,2,0.09,1,9.92,1,0.22,1,0.95,1,0.72,1,2071.9,3,474.5,3,3.01,3,1.92,3,1927.2,3,126.1,3,18.6,3
1.1,380,Amb+2,02/04/2012,13.38,1,34.85,1,8.083,1,2242.6,2,0.19,1,40.09,1,0.33,1,0.97,1,1.42,1,2071.2,3,474.3,3,3.01,3,1.92,3,1926.6,3,126.1,3,18.5,3
1.3,380,Amb+2,02/04/2012,13.38,1,34.85,1,8.083,1,2242.6,2,0.09,1,8.38,1,0.15,1,0.28,1,0.66,1,2072,3,474.5,3,3.01,3,1.92,3,1927.3,3,126.1,3,18.6,3
1.1,380,Amb+2,12/04/2012,13.38,1,34.85,1,8.083,1,2242.6,2,0.14,1,39.33,1,0.27,1,0.52,1,1.19,1,2071.5,3,474.4,3,3.01,3,1.92,3,1926.8,3,126.1,3,18.6,3
1.3,380,Amb+2,12/04/2012,13.38,1,34.85,1,8.083,1,2242.6,2,0.06,1,1.35,1,0.17,1,0.4,1,0.25,1,2072.4,3,474.6,3,3.01,3,1.92,3,1927.7,3,126.1,3,18.6,3
4.2,380,Amb+2,12/04/2012,13.38,1,34.85,1,8.083,1,2242.6,2,0.09,1,10.04,1,0.19,1,0.36,1,0.3,1,2072.4,3,474.6,3,3.01,3,1.92,3,1927.6,3,126.1,3,18.7,3
4.3,380,Amb+2,12/04/2012,13.38,1,34.85,1,8.083,1,2242.6,2,0.06,1,0.92,1,0.11,1,0.31,1,0.12,1,2072.6,3,474.6,3,3.01,3,1.92,3,1927.8,3,126.1,3,18.7,3
1.1,380,Amb+2,16/04/2012,13.38,1,34.85,1,8.083,1,2242.6,2,0.21,1,40.02,1,0.37,1,0.79,1,1.41,1,2071.3,3,474.3,3,3.01,3,1.92,3,1926.6,3,126.1,3,18.6,3
1.3,380,Amb+2,16/04/2012,13.38,1,34.85,1,8.083,1,2242.6,2,0.07,1,1.52,1,0.19,1,0.7,1,0.49,1,2072.2,3,474.5,3,3.01,3,1.92,3,1927.4,3,126.1,3,18.7,3
1.1,380,Amb+2,24/04/2012,13.38,1,34.85,1,8.083,1,2242.6,2,0.29,1,33.76,1,0.91,1,0.99,1,1.32,1,2071.3,3,474.3,3,3.01,3,1.92,3,1926.7,3,126.1,3,18.5,3
1.3,380,Amb+2,24/04/2012,13.38,1,34.85,1,8.083,1,2242.6,2,0.13,1,2.33,1,0.17,1,0.34,1,0.5,1,2072.2,3,474.5,3,3.01,3,1.92,3,1927.4,3,126.1,3,18.7,3
4.2,380,Amb+2,03/05/2012,13.38,1,34.85,1,8.083,1,2242.6,2,0.11,1,5.75,1,0.21,1,0.77,1,0.31,1,2072.4,3,474.6,3,3.01,3,1.92,3,1927.6,3,126.1,3,18.7,3
4.3,380,Amb+2,03/05/2012,13.38,1,34.85,1,8.083,1,2242.6,2,0.09,1,2.65,1,0.18,1,0.9,1,0.14,1,2072.5,3,474.6,3,3.01,3,1.92,3,1927.8,3,126.1,3,18.6,3
1.4,750,Amb+2,14/02/2011,13.05,1,34.7,1,7.873,1,2383.5,1,0.52,1,19.65,1,13.58,1,8.13,1,0.88,1,2290.4,3,863.9,3,2.06,3,1.32,3,2169.9,3,86.2,3,34.3,3
2.2,750,Amb+2,14/02/2011,13.05,1,34.7,1,7.873,1,2383.5,2,0.18,1,8.82,1,11.38,1,6.61,1,0.54,1,2290.8,3,864,3,2.06,3,1.32,3,2170.3,3,86.2,3,34.3,3
3.1,750,Amb+2,14/02/2011,13.05,1,34.7,1,7.873,1,2383.5,2,0.19,1,11.11,1,10.23,1,5.63,1,0.9,1,2290.4,3,863.9,3,2.06,3,1.32,3,2169.9,3,86.2,3,34.3,3
4.4,750,Amb+2,14/02/2011,13.05,1,34.7,1,7.873,1,2405.2,1,0.18,1,8.68,1,11.36,1,5.69,1,0.56,1,2312,3,872,3,2.08,3,1.33,3,2190.4,3,87,3,34.6,3
1.4,750,Amb+2,21/02/2011,12.7,1,34.7,1,7.873,1,2405.2,2,1.61,1,23.57,1,25.87,1,6.66,1,1.83,1,2312.3,3,868.8,3,2.05,3,1.31,3,2191.4,3,86,3,34.9,3
2.2,750,Amb+2,21/02/2011,12.7,1,34.7,1,7.873,1,2405.2,2,0.72,1,9.46,1,19.42,1,4.02,1,0.92,1,2313.2,3,869.1,3,2.05,3,1.31,3,2192.3,3,86.1,3,34.8,3
1.4,750,Amb+2,28/02/2011,13.9,1,34.88,1,7.923,1,2405.2,2,4.2,1,29.38,1,28.67,1,7.04,1,2.22,1,2287.4,3,772.6,3,2.37,3,1.52,3,2158,3,99.5,3,29.9,3
2.2,750,Amb+2,28/02/2011,13.9,1,34.88,1,7.923,1,2405.2,2,2.36,1,20.06,1,27,1,6.58,1,1.31,1,2288.3,3,773,3,2.37,3,1.52,3,2158.9,3,99.6,3,29.8,3
1.4,750,Amb+2,07/03/2011,12.18,1,34.95,1,7.823,1,2405.2,2,10.49,1,40.38,1,31.66,1,7.65,1,2.2,1,2330.3,3,977.1,3,1.83,3,1.17,3,2213.9,3,76.6,3,39.8,3
2.2,750,Amb+2,07/03/2011,12.18,1,34.95,1,7.823,1,2405.2,2,7.46,1,33.61,1,31.88,1,7.38,1,1.79,1,2330.7,3,977.2,3,1.83,3,1.17,3,2214.3,3,76.6,3,39.8,3
3.1,750,Amb+2,07/03/2011,12.18,1,34.95,1,7.823,1,2405.2,2,16.69,1,27.52,1,31.82,1,4.02,1,2.53,1,2330,3,976.9,3,1.82,3,1.17,3,2213.6,3,76.6,3,39.8,3
4.4,750,Amb+2,07/03/2011,12.18,1,34.95,1,7.823,1,2405.2,2,9.93,1,29.42,1,27.75,1,6.11,1,1.44,1,2331.1,3,977.4,3,1.83,3,1.17,3,2214.7,3,76.6,3,39.8,3
1.4,750,Amb+2,14/03/2011,11.83,1,34.9,1,7.81,1,2405.2,2,25.4,1,58.39,1,21.41,1,6.62,1,2.34,1,2336.2,3,1006.1,3,1.75,3,1.12,3,2221.1,3,73.6,3,41.5,3
2.2,750,Amb+2,14/03/2011,11.83,1,34.9,1,7.81,1,2405.2,2,21.43,1,47.55,1,30.51,1,7.29,1,1.72,1,2336.8,3,1006.4,3,1.75,3,1.12,3,2221.7,3,73.6,3,41.5,3
1.4,750,Amb+2,21/03/2011,11.75,1,34.95,1,7.745,1,2405.2,2,40.89,1,70.85,1,3.18,1,4.84,1,2.36,1,2357.6,3,1179.6,3,1.52,3,0.97,3,2244.9,3,64,3,48.7,3
2.2,750,Amb+2,21/03/2011,11.75,1,34.95,1,7.745,1,2405.2,2,59.55,1,80.29,1,8.76,1,4.22,1,1.49,1,2358.5,3,1180,3,1.52,3,0.97,3,2245.7,3,64,3,48.8,3
1.4,750,Amb+2,30/03/2011,12.15,1,35.13,1,8.003,1,2405.2,2,33.16,1,94.17,1,2.12,1,1.82,1,2.58,1,2263.6,3,619.2,3,2.66,3,1.7,3,2126.6,3,111.8,3,25.2,3
2.2,750,Amb+2,30/03/2011,12.15,1,35.13,1,8.003,1,2405.2,2,78.1,1,102.92,1,1.35,1,2.45,1,1.09,1,2265.1,3,619.6,3,2.66,3,1.7,3,2128,3,111.9,3,25.2,3
1.4,750,Amb+2,04/04/2011,11.28,1,35.08,1,8.003,1,2405.2,2,21.55,1,110.37,1,1.55,1,0.75,1,2.91,1,2268.1,3,614.9,3,2.59,3,1.65,3,2133.6,3,108.7,3,25.8,3
2.2,750,Amb+2,04/04/2011,11.28,1,35.08,1,8.003,1,2405.2,2,78.27,1,108.3,1,0.87,1,1.16,1,1.28,1,2269.7,3,615.4,3,2.59,3,1.65,3,2135.2,3,108.8,3,25.7,3
3.1,750,Amb+2,04/04/2011,11.28,1,35.08,1,8.003,1,2405.2,2,24.57,1,68.55,1,1.76,1,3.65,1,2.42,1,2268.6,3,615,3,2.59,3,1.65,3,2134.1,3,108.7,3,25.8,3
4.4,750,Amb+2,04/04/2011,11.28,1,35.08,1,8.003,1,2405.2,2,11.22,1,86.11,1,1.83,1,0.75,1,1.18,1,2269.9,3,615.4,3,2.59,3,1.65,3,2135.3,3,108.8,3,25.8,3
1.4,750,Amb+2,11/04/2011,10.78,1,35.33,1,7.998,1,2405.2,2,4.56,1,127.95,1,1.65,1,0.79,1,2.89,1,2271.4,3,618.7,3,2.53,3,1.61,3,2138.5,3,106.6,3,26.3,3
2.2,750,Amb+2,11/04/2011,10.78,1,35.33,1,7.998,1,2405.2,2,78.85,1,118.45,1,1.07,1,0.67,1,1.54,1,2272.8,3,619.1,3,2.53,3,1.61,3,2139.8,3,106.6,3,26.4,3
1.4,750,Amb+2,19/04/2011,10.48,1,35.23,1,7.995,1,2405.2,2,0.88,1,141.55,1,1.26,1,0.75,1,3.14,1,2274.3,3,622.4,3,2.49,3,1.59,3,2142.9,3,104.7,3,26.7,3
2.2,750,Amb+2,19/04/2011,10.48,1,35.23,1,7.995,1,2405.2,2,51.28,1,101.08,1,1.1,1,0.83,1,1.38,1,2276.1,3,622.9,3,2.49,3,1.59,3,2144.6,3,104.7,3,26.8,3
1.4,750,Amb+2,04/05/2011,12.75,1,35.13,1,7.795,1,2405.2,2,0.89,1,122.39,1,1.98,1,2.35,1,2.81,1,2336.1,3,1051.2,3,1.76,3,1.12,3,2220.3,3,73.8,3,42,3
2.2,750,Amb+2,04/05/2011,12.75,1,35.13,1,7.795,1,2405.2,2,1.23,1,73.35,1,2.13,1,4.68,1,2.08,1,2336.8,3,1051.5,3,1.76,3,1.12,3,2221,3,73.8,3,42,3
1.4,750,Amb+2,10/05/2011,11.63,1,35.45,1,7.648,1,2405.2,2,0.48,1,126.43,1,1.63,1,1.07,1,2.8,1,2386.9,3,1486.3,3,1.24,3,0.79,3,2273.1,3,52.3,3,61.5,3
2.2,750,Amb+2,10/05/2011,11.63,1,35.45,1,7.648,1,2405.2,2,0.82,1,113.04,1,1.74,1,1.16,1,1.12,1,2388.5,3,1487.4,3,1.24,3,0.79,3,2274.7,3,52.3,3,61.5,3
3.1,750,Amb+2,10/05/2011,11.63,1,35.45,1,7.648,1,2405.2,2,0.21,1,130.31,1,1.31,1,0.65,1,2.26,1,2387.4,3,1486.7,3,1.24,3,0.79,3,2273.6,3,52.3,3,61.5,3
4.4,750,Amb+2,10/05/2011,11.63,1,35.45,1,7.648,1,2196.8,1,0.32,1,106.21,1,1.53,1,0.57,1,0.92,1,2179.5,3,1357.2,3,1.13,3,0.72,3,2075.7,3,47.7,3,56.1,3
1.4,750,Amb+2,16/05/2011,11.88,1,35.45,1,7.685,1,2196.8,2,0.61,1,135.76,1,2.35,1,0.76,1,2.47,1,2166.2,3,1242.6,3,1.24,3,0.79,3,2063.1,3,52.1,3,51,3
2.2,750,Amb+2,16/05/2011,11.88,1,35.45,1,7.685,1,2196.8,2,0.94,1,122.72,1,2.09,1,0.66,1,0.96,1,2167.7,3,1243.5,3,1.24,3,0.79,3,2064.6,3,52.2,3,50.9,3
1.4,750,Amb+2,23/05/2011,11.45,1,35.48,1,7.77,1,2196.8,2,1.35,1,84.38,1,7.86,1,2.48,1,2.7,1,2142,3,1004.2,3,1.47,3,0.94,3,2038.4,3,61.8,3,41.8,3
2.2,750,Amb+2,23/05/2011,11.45,1,35.48,1,7.77,1,2196.8,2,0.58,1,92.13,1,1.75,1,1.08,1,1.02,1,2143.7,3,1005,3,1.47,3,0.94,3,2040.1,3,61.8,3,41.8,3
1.4,750,Amb+2,01/06/2011,11.13,1,35.55,1,7.715,1,2196.8,2,0.85,1,106.73,1,2.73,1,0.69,1,2.83,1,2159.3,3,1144.9,3,1.29,3,0.82,3,2056.8,3,54.4,3,48.1,3
2.2,750,Amb+2,01/06/2011,11.13,1,35.55,1,7.715,1,2196.8,2,0.28,1,122.12,1,1.05,1,0.83,1,1.36,1,2160.7,3,1145.7,3,1.29,3,0.82,3,2058.2,3,54.4,3,48.1,3
1.4,750,Amb+2,06/06/2011,12.43,1,35.55,1,7.775,1,2196.8,2,0.18,1,113.58,1,1.11,1,0.79,1,3.01,1,2136.2,3,1000.5,3,1.53,3,0.98,3,2031.4,3,64.5,3,40.3,3
2.2,750,Amb+2,06/06/2011,12.43,1,35.55,1,7.775,1,2196.8,2,0.2,1,116.71,1,0.8,1,0.79,1,1.31,1,2137.9,3,1001.3,3,1.53,3,0.98,3,2033,3,64.6,3,40.3,3
3.1,750,Amb+2,06/06/2011,12.43,1,35.55,1,7.775,1,2196.8,2,0.15,1,121.17,1,1.23,1,0.73,1,1.65,1,2137.6,3,1001.1,3,1.53,3,0.98,3,2032.7,3,64.6,3,40.3,3
4.4,750,Amb+2,06/06/2011,12.43,1,35.55,1,7.775,1,2196.8,2,0.2,1,100.73,1,1.4,1,0.69,1,0.69,1,2138.6,3,1001.6,3,1.53,3,0.98,3,2033.6,3,64.6,3,40.4,3
1.4,750,Amb+2,15/06/2011,13.35,1,35.58,1,7.845,1,2196.8,2,0.15,1,87.7,1,1.06,1,0.75,1,2.26,1,2111,3,848,3,1.83,3,1.17,3,2000.8,3,77.1,3,33.1,3
2.2,750,Amb+2,15/06/2011,13.35,1,35.58,1,7.845,1,2196.8,2,0.25,1,97.41,1,1.11,1,0.88,1,0.99,1,2112.3,3,848.5,3,1.83,3,1.17,3,2002,3,77.1,3,33.2,3
1.2,750,Amb+2,20/06/2011,13.75,1,35.35,1,7.845,1,2196.8,2,0.17,1,102.64,1,1.05,1,0.73,1,2.13,1,2110.4,3,852.8,3,1.85,3,1.18,3,1999.8,3,77.6,3,33,3
1.4,750,Amb+2,20/06/2011,13.75,1,35.35,1,7.845,1,2196.8,2,0.16,1,91.17,1,1.1,1,0.76,1,2.45,1,2110.1,3,852.7,3,1.85,3,1.18,3,1999.5,3,77.6,3,33,3
1.2,750,Amb+2,27/06/2011,13.33,1,35,1,7.925,1,2196.8,2,0.12,1,79.2,1,0.94,1,2.04,1,2.48,1,2086.2,3,696.4,3,2.14,3,1.37,3,1969.1,3,89.8,3,27.3,3
1.4,750,Amb+2,27/06/2011,13.33,1,35,1,7.925,1,2196.8,2,0.15,1,61.28,1,0.97,1,0.94,1,2.38,1,2086.4,3,696.5,3,2.14,3,1.37,3,1969.2,3,89.8,3,27.4,3
1.2,750,Amb+2,04/07/2011,13.78,1,35.28,1,7.92,1,2196.8,2,0.2,1,98.41,1,1.08,1,0.67,1,1.81,1,2085.5,3,706.5,3,2.16,3,1.38,3,1967.4,3,90.7,3,27.4,3
1.4,750,Amb+2,04/07/2011,13.78,1,35.28,1,7.92,1,2341.3,1,0.16,1,64.27,1,0.9,1,0.77,1,2.39,1,2225.1,3,753.8,3,2.3,3,1.47,3,2099.2,3,96.8,3,29.1,3
4.1,750,Amb+2,04/07/2011,13.78,1,35.28,1,7.92,1,2341.3,2,0.15,1,63.55,1,0.94,1,0.73,1,1.09,1,2226.4,3,754.2,3,2.3,3,1.48,3,2100.4,3,96.8,3,29.2,3
4.4,750,Amb+2,04/07/2011,13.78,1,35.28,1,7.92,1,2145,1,0.17,1,59.42,1,0.99,1,0.97,1,0.76,1,2036.2,3,689.8,3,2.11,3,1.35,3,1921,3,88.5,3,26.7,3
1.2,750,Amb+2,11/07/2011,16.5,1,35,1,7.943,1,2145,2,0.19,1,82.49,1,1.33,1,1.85,1,2.23,1,2015.5,3,666.5,3,2.39,3,1.54,3,1891.8,3,100,3,23.7,3
1.4,750,Amb+2,11/07/2011,16.5,1,35,1,7.943,1,2145,2,0.18,1,64.9,1,1,1,2.32,1,2.8,1,2015,3,666.3,3,2.38,3,1.54,3,1891.2,3,100,3,23.8,3
1.2,750,Amb+2,09/08/2011,17.78,1,35.05,1,7.77,1,2307.4,1,0.4,1,75.52,1,2.02,1,1.25,1,1.8,1,2229.3,3,1124.6,3,1.87,3,1.21,3,2112.3,3,78.3,3,38.7,3
1.4,750,Amb+2,09/08/2011,17.78,1,35.05,1,7.77,1,2282.8,1,0.33,1,97.64,1,2.64,1,1.23,1,1.47,1,2205.4,3,1112.6,3,1.85,3,1.19,3,2089.7,3,77.4,3,38.3,3
4.1,750,Amb+2,09/08/2011,17.78,1,35.05,1,7.77,1,2238.5,1,0.27,1,78.11,1,1.19,1,0.59,1,0.89,1,2162.5,3,1090.9,3,1.81,3,1.17,3,2049.1,3,75.9,3,37.5,3
4.4,750,Amb+2,09/08/2011,17.78,1,35.05,1,7.77,1,2314.4,1,0.27,1,72.31,1,1.57,1,0.64,1,0.64,1,2237.3,3,1128.7,3,1.87,3,1.21,3,2120,3,78.6,3,38.7,3
1.2,750,Amb+2,07/09/2011,17.78,1,35.05,1,7.77,1,2307.4,1,0.82,1,81.78,1,6.83,1,1.85,1,1.42,1,2229.7,3,1124.8,3,1.87,3,1.21,3,2112.7,3,78.3,3,38.7,3
1.4,750,Amb+2,07/09/2011,17.78,1,35.05,1,7.77,1,2282.8,1,0.67,1,74.53,1,1.22,1,1.64,1,1.89,1,2205,3,1112.4,3,1.85,3,1.19,3,2089.3,3,77.4,3,38.3,3
4.1,750,Amb+2,07/09/2011,17.78,1,35.05,1,7.77,1,2238.5,1,0.27,1,76.56,1,1.8,1,1.3,1,0.98,1,2162.4,3,1090.9,3,1.81,3,1.17,3,2049,3,75.9,3,37.5,3
4.4,750,Amb+2,07/09/2011,17.78,1,35.05,1,7.77,1,2314.4,1,0.31,1,71.12,1,1.66,1,0.66,1,0.43,1,2237.5,3,1128.8,3,1.88,3,1.21,3,2120.2,3,78.6,3,38.7,3
1.2,750,Amb+2,10/10/2011,18.05,1,35.33,1,8.048,1,2074,1,0.22,1,36.89,1,1.28,1,1.74,1,1.64,1,1897.7,3,493.5,3,2.99,3,1.93,3,1755.4,3,125.4,3,16.9,3
1.4,750,Amb+2,10/10/2011,18.05,1,35.33,1,8.048,1,2084.7,1,0.31,1,37.92,1,1.18,1,1.1,1,2.49,1,1906.9,3,495.9,3,3,3,1.94,3,1764,3,126,3,16.9,3
4.1,750,Amb+2,10/10/2011,18.05,1,35.33,1,8.048,1,2074,2,0.24,1,90.34,1,0.41,1,0.99,1,1.41,1,1897.9,3,493.6,3,2.99,3,1.93,3,1755.7,3,125.4,3,16.8,3
4.4,750,Amb+2,10/10/2011,18.05,1,35.33,1,8.048,1,2084.7,1,0.23,1,79.17,1,0.39,1,1.22,1,1.05,1,1908.4,3,496.3,3,3,3,1.94,3,1765.4,3,126.1,3,16.9,3
1.2,750,Amb+2,20/10/2011,17.85,1,34.98,1,7.863,1,2055,1,0.34,1,29.06,1,2.12,1,1.47,1,1.74,1,1951.4,3,791.7,3,2.02,3,1.3,3,1839.7,3,84.5,3,27.2,3
1.4,750,Amb+2,20/10/2011,17.85,1,34.98,1,7.863,1,2033.2,1,0.26,1,30.36,1,1.58,1,1.66,1,2.75,1,1929.2,3,782.7,3,1.99,3,1.29,3,1818.8,3,83.5,3,26.9,3
1.2,750,Amb+2,25/10/2011,17.85,1,34.98,1,7.863,1,2120.6,1,0.35,1,28.4,1,2.59,1,1.14,1,1.66,1,2015.2,3,817.6,3,2.08,3,1.35,3,1899.9,3,87.3,3,28,3
1.4,750,Amb+2,25/10/2011,17.85,1,34.98,1,7.863,1,2120.6,2,0.27,1,30.32,1,1.7,1,0.89,1,2.75,1,2014.1,3,817.1,3,2.08,3,1.35,3,1898.8,3,87.2,3,28.1,3
1.2,750,Amb+2,31/10/2011,18.3,1,34.8,1,7.913,1,2103.1,1,0.21,1,21.95,1,1.97,1,1.51,1,1.67,1,1979.4,3,717.2,3,2.31,3,1.5,3,1858.4,3,96.7,3,24.3,3
1.4,750,Amb+2,31/10/2011,18.1,1,34.85,1,7.82,1,2031.5,1,0.31,1,29.05,1,1.64,1,1.14,1,2.82,1,1941,3,874.8,3,1.83,3,1.19,3,1834.5,3,76.7,3,29.8,3
1.2,750,Amb+2,07/11/2011,17.58,1,35.08,1,7.82,1,2053.8,1,0.31,1,35.32,1,0.86,1,1.1,1,1.83,1,1964.9,3,879.3,3,1.83,3,1.18,3,1857.7,3,76.8,3,30.4,3
1.4,750,Amb+2,07/11/2011,17.58,1,35.08,1,7.82,1,2243.9,1,0.46,1,43.89,1,2.16,1,1.45,1,4.04,1,2148.4,3,961.4,3,2,3,1.29,3,2031.2,3,84,3,33.2,3
4.1,750,Amb+2,07/11/2011,17.58,1,35.08,1,7.82,1,2111.1,1,0.19,1,80.54,1,0.3,1,0.83,1,1.67,1,2021.1,3,904.4,3,1.88,3,1.22,3,1910.8,3,79,3,31.3,3
4.4,750,Amb+2,07/11/2011,17.58,1,35.08,1,7.82,1,2111.1,2,0.21,1,67.89,1,0.38,1,0.8,1,0.87,1,2021.9,3,904.8,3,1.89,3,1.22,3,1911.6,3,79,3,31.3,3
1.2,750,Amb+2,14/11/2011,16.58,1,35.03,1,7.943,1,2143.4,1,0.24,1,26.32,1,0.63,1,1.02,1,1.31,1,2014.5,3,666.5,3,2.39,3,1.54,3,1890.5,3,100.2,3,23.8,3
1.4,750,Amb+2,14/11/2011,16.58,1,35.03,1,7.943,1,2141.2,1,0.29,1,27.25,1,2.14,1,2.11,1,2.41,1,2011.2,3,665.4,3,2.39,3,1.54,3,1887.5,3,100.1,3,23.6,3
1.2,750,Amb+2,21/11/2011,17.68,1,35.28,1,7.93,1,2188.5,1,0.24,1,28.63,1,0.4,1,0.76,1,1.36,1,2056.4,3,708.5,3,2.47,3,1.6,3,1928.4,3,103.6,3,24.4,3
1.4,750,Amb+2,21/11/2011,17.68,1,35.28,1,7.93,1,2147.3,1,0.4,1,27.86,1,0.97,1,1.02,1,2.31,1,2015.8,3,694.5,3,2.42,3,1.56,3,1890.3,3,101.5,3,24,3
1.2,750,Amb+2,12/12/2011,15.83,1,35.18,1,7.903,1,2183.6,1,0.24,1,19.62,1,0.54,1,0.97,1,1.26,1,2070.6,3,746.9,3,2.2,3,1.42,3,1951,3,92.4,3,27.2,3
1.4,750,Amb+2,12/12/2011,15.83,1,35.18,1,7.903,1,2180.4,1,0.33,1,22.03,1,0.62,1,1.62,1,2.16,1,2066.6,3,745.5,3,2.2,3,1.41,3,1947.2,3,92.2,3,27.2,3
4.1,750,Amb+2,12/12/2011,15.83,1,35.18,1,7.903,1,2183.6,1,0.35,1,76.2,1,0.39,1,1.22,1,1.86,1,2070,3,746.7,3,2.2,3,1.42,3,1950.4,3,92.4,3,27.2,3
4.4,750,Amb+2,12/12/2011,15.83,1,35.18,1,7.903,1,2180.4,2,0.22,1,60.83,1,0.34,1,2.27,1,1.27,1,2067.4,3,745.8,3,2.2,3,1.41,3,1948.1,3,92.3,3,27,3
1.2,750,Amb+2,19/12/2011,16.43,1,34.85,1,7.91,1,2184.8,1,0.29,1,25.69,1,0.45,1,1.72,1,1.5,1,2067.8,3,739.9,3,2.26,3,1.46,3,1946.5,3,94.7,3,26.6,3
1.4,750,Amb+2,19/12/2011,16.43,1,34.85,1,7.91,1,2120.3,1,0.37,1,23.9,1,0.5,1,2.34,1,2.01,1,2004.8,3,717.4,3,2.19,3,1.41,3,1887.3,3,91.9,3,25.6,3
1.2,750,Amb+2,09/01/2012,15.25,1,34.98,1,8.068,1,2206.1,1,0.15,1,31.05,1,0.21,1,1.46,1,1.59,1,2031.6,3,491.1,3,3.04,3,1.95,3,1886,3,127.4,3,18.2,3
1.4,750,Amb+2,09/01/2012,15.25,1,34.98,1,8.068,1,2060.6,1,0.33,1,26.39,1,0.27,1,1.43,1,1.59,1,1893.5,3,457.7,3,2.83,3,1.82,3,1757.8,3,118.8,3,16.9,3
4.1,750,Amb+2,09/01/2012,15.25,1,34.98,1,8.068,1,2206.1,2,0.18,1,91.2,1,0.32,1,0.7,1,2.03,1,2031.2,3,491,3,3.04,3,1.95,3,1885.6,3,127.4,3,18.2,3
4.4,750,Amb+2,09/01/2012,15.25,1,34.98,1,8.068,1,2060.6,1,0.16,1,97.21,1,0.11,1,0.76,1,1.69,1,1893.5,3,457.7,3,2.83,3,1.82,3,1757.7,3,118.8,3,17,3
1.2,750,Amb+2,18/01/2012,13.65,1,35.15,1,7.953,1,2233.3,1,0.2,1,28.03,1,0.4,1,0.88,1,1.64,1,2110.3,3,660.7,3,2.33,3,1.49,3,1986.5,3,98,3,25.8,3
1.4,750,Amb+2,18/01/2012,13.65,1,35.15,1,7.953,1,2233.3,2,0.15,1,13.93,1,0.46,1,0.7,1,0.77,1,2111.1,3,660.9,3,2.33,3,1.5,3,1987.4,3,98.1,3,25.6,3
1.2,750,Amb+2,24/01/2012,14.37,1,35.27,1,7.945,1,2223.6,1,0.23,1,25.05,1,0.38,1,0.73,1,1.48,1,2100.1,3,674.6,3,2.34,3,1.5,3,1976,3,98.4,3,25.7,3
1.4,750,Amb+2,24/01/2012,14.37,1,35.27,1,7.945,1,2229.4,1,0.29,1,14.79,1,0.44,1,0.79,1,1.04,1,2106.1,3,676.6,3,2.35,3,1.51,3,1981.7,3,98.7,3,25.7,3
1.2,750,Amb+2,02/02/2012,11.63,1,34.85,1,7.948,1,2202.7,1,0.15,1,19.63,1,1.52,1,0.87,1,1.42,1,2093.3,3,650.4,3,2.13,3,1.36,3,1977.1,3,89.3,3,26.9,3
1.2,750,Amb+2,02/02/2012,11.63,1,34.85,1,7.948,1,2121.4,1,0.23,1,11.49,1,0.47,1,0.49,1,0.99,1,2014.8,3,626,3,2.05,3,1.31,3,1902.9,3,85.9,3,26,3
1.2,750,Amb+2,07/02/2012,13.35,1,34.9,1,7.948,1,2124.3,1,0.08,1,17.21,1,0.3,1,2.93,1,2.05,1,2008.7,3,635.5,3,2.16,3,1.39,3,1892.9,3,90.8,3,25,3
1.4,750,Amb+2,07/02/2012,13.35,1,34.9,1,7.948,1,2203.4,1,0.12,1,6.67,1,0.11,1,1.62,1,1.06,1,2086.3,3,660.1,3,2.25,3,1.44,3,1966,3,94.3,3,26,3
4.1,750,Amb+2,07/02/2012,13.35,1,34.9,1,7.948,1,2124.3,2,0.2,1,80.72,1,0.27,1,0.59,1,1.94,1,2008.8,3,635.6,3,2.16,3,1.39,3,1893,3,90.8,3,25,3
4.4,750,Amb+2,07/02/2012,13.35,1,34.9,1,7.948,1,2203.4,2,0.15,1,68.71,1,0.11,1,1.22,1,1.66,1,2085.7,3,659.9,3,2.25,3,1.44,3,1965.5,3,94.3,3,25.9,3
1.2,750,Amb+2,17/02/2012,12.73,1,34.68,1,7.845,1,2202.7,2,0.33,1,18.98,1,0.86,1,0.52,1,1.69,1,2123.5,3,852.5,3,1.77,3,1.13,3,2015.1,3,74.2,3,34.2,3
1.4,750,Amb+2,17/02/2012,12.73,1,34.68,1,7.845,1,2129.1,1,0.29,1,4.93,1,0.44,1,0.4,1,0.73,1,2052.2,3,823.9,3,1.71,3,1.09,3,1947.4,3,71.7,3,33.1,3
1.2,750,Amb+2,24/02/2012,12.48,1,34.9,1,7.8,1,2205.7,1,0.16,1,15.6,1,0.25,1,1.71,1,1.16,1,2141.3,3,950.9,3,1.61,3,1.03,3,2035.5,3,67.4,3,38.4,3
1.4,750,Amb+2,24/02/2012,12.48,1,34.9,1,7.8,1,2139.1,1,0.19,1,5.65,1,0.27,1,0.88,1,1.07,1,2075.7,3,921.8,3,1.56,3,0.99,3,1973.1,3,65.3,3,37.3,3
1.2,750,Amb+2,02/03/2012,12.63,1,34.8,1,7.953,1,2193.9,1,0.31,1,16.04,1,1.17,1,0.43,1,1.04,1,2079.1,3,645.5,3,2.21,3,1.41,3,1960.6,3,92.6,3,25.9,3
1.4,750,Amb+2,02/03/2012,12.63,1,34.8,1,7.953,1,2214,1,0.22,1,6.09,1,0.47,1,1.62,1,1.12,1,2098.5,3,651.5,3,2.23,3,1.42,3,1978.9,3,93.4,3,26.2,3
1.2,750,Amb+2,06/03/2012,12.58,1,34.9,1,7.973,1,2231.7,1,0.23,1,17.36,1,0.49,1,0.65,1,1,1,2108.3,3,623.4,3,2.34,3,1.5,3,1985,3,98.2,3,25.1,3
1.4,750,Amb+2,06/03/2012,12.58,1,34.9,1,7.973,1,2144.2,1,0.14,1,5.05,1,0.28,1,0.73,1,1.01,1,2023.7,3,598.4,3,2.25,3,1.44,3,1905.4,3,94.3,3,24,3
4.1,750,Amb+2,06/03/2012,12.95,1,34.9,1,7.99,1,2293.7,1,0.19,1,69.05,1,0.42,1,1.29,1,1.01,1,2159.9,3,615.7,3,2.52,3,1.61,3,2029.6,3,105.8,3,24.5,3
4.4,750,Amb+2,06/03/2012,12.95,1,34.9,1,7.99,1,2171.9,1,0.15,1,66.54,1,2.09,1,1.24,1,1.82,1,2041.7,3,582,3,2.38,3,1.52,3,1918.6,3,100,3,23.1,3
1.2,750,Amb+2,16/03/2012,13.05,1,34.8,1,7.998,1,2140,1,0.12,1,14.43,1,0.3,1,0.8,1,1.11,1,2008.8,3,562.8,3,2.39,3,1.53,3,1886.2,3,100.2,3,22.4,3
1.4,750,Amb+2,16/03/2012,13.05,1,34.8,1,7.998,1,2140,2,0.12,1,1.71,1,0.25,1,0.86,1,1.29,1,2008.6,3,562.7,3,2.39,3,1.53,3,1886.1,3,100.2,3,22.3,3
1.2,750,Amb+2,23/03/2012,13.05,1,34.8,1,7.998,1,2140,2,0.14,1,10.7,1,0.26,1,1.54,1,0.73,1,2009.2,3,562.9,3,2.39,3,1.53,3,1886.6,3,100.2,3,22.4,3
1.4,750,Amb+2,23/03/2012,13.05,1,34.8,1,7.998,1,2140,2,0.13,1,1,1,0.34,1,0.68,1,0.61,1,2009.3,3,562.9,3,2.39,3,1.53,3,1886.7,3,100.2,3,22.4,3
1.2,750,Amb+2,28/03/2012,13.05,1,34.8,1,7.998,1,2140,2,0.16,1,8.86,1,0.36,1,0.74,1,0.6,1,2009.3,3,562.9,3,2.39,3,1.53,3,1886.7,3,100.2,3,22.4,3
1.4,750,Amb+2,28/03/2012,13.05,1,34.8,1,7.998,1,2140,2,0.1,1,1.24,1,0.18,1,0.95,1,0.82,1,2009.1,3,562.8,3,2.39,3,1.53,3,1886.5,3,100.2,3,22.4,3
1.2,750,Amb+2,02/04/2012,13.05,1,34.8,1,7.998,1,2140,2,0.15,1,8.55,1,0.24,1,0.3,1,0.52,1,2009.4,3,562.9,3,2.39,3,1.53,3,1886.8,3,100.3,3,22.3,3
1.4,750,Amb+2,02/04/2012,13.05,1,34.8,1,7.998,1,2140,2,0.09,1,0.99,1,0.17,1,0.23,1,0.63,1,2009.3,3,562.9,3,2.39,3,1.53,3,1886.7,3,100.2,3,22.4,3
1.2,750,Amb+2,12/04/2012,13.05,1,34.8,1,7.998,1,2140,2,0.07,1,3.53,1,0.25,1,0.53,1,0.35,1,2009.6,3,563,3,2.39,3,1.53,3,1887,3,100.3,3,22.3,3
1.4,750,Amb+2,12/04/2012,13.05,1,34.8,1,7.998,1,2140,2,0.06,1,0.45,1,0.16,1,0.46,1,0.3,1,2009.6,3,563,3,2.39,3,1.53,3,1887,3,100.3,3,22.3,3
4.1,750,Amb+2,12/04/2012,13.05,1,34.8,1,7.998,1,2140,2,0.11,1,37.23,1,0.13,1,0.33,1,0.42,1,2009.5,3,563,3,2.39,3,1.53,3,1886.9,3,100.3,3,22.3,3
4.4,750,Amb+2,12/04/2012,13.05,1,34.8,1,7.998,1,2140,2,0.11,1,17.71,1,0.11,1,0.28,1,0.5,1,2009.4,3,562.9,3,2.39,3,1.53,3,1886.8,3,100.3,3,22.3,3
1.2,750,Amb+2,16/04/2012,13.05,1,34.8,1,7.998,1,2140,2,0.13,1,4.22,1,0.26,1,0.68,1,0.57,1,2009.3,3,562.9,3,2.39,3,1.53,3,1886.8,3,100.3,3,22.2,3
1.4,750,Amb+2,16/04/2012,13.05,1,34.8,1,7.998,1,2140,2,0.1,1,0.98,1,0.17,1,0.62,1,0.54,1,2009.4,3,562.9,3,2.39,3,1.53,3,1886.8,3,100.3,3,22.3,3
1.2,750,Amb+2,24/04/2012,13.05,1,34.8,1,7.998,1,2140,2,0.16,1,5.91,1,0.26,1,0.75,1,0.62,1,2009.3,3,562.9,3,2.39,3,1.53,3,1886.7,3,100.2,3,22.4,3
1.4,750,Amb+2,24/04/2012,13.05,1,34.8,1,7.998,1,2140,2,0.13,1,1.14,1,0.19,1,0.23,1,0.65,1,2009.3,3,562.9,3,2.39,3,1.53,3,1886.7,3,100.2,3,22.4,3
4.1,750,Amb+2,03/05/2012,13.05,1,34.8,1,7.998,1,2140,2,0.11,1,24.89,1,0.04,1,1.77,1,0.52,1,2009.4,3,562.9,3,2.39,3,1.53,3,1886.8,3,100.3,3,22.3,3
4.4,750,Amb+2,03/05/2012,13.05,1,34.8,1,7.998,1,2140,2,0.11,1,4.75,1,0.06,1,1.14,1,0.31,1,2009.6,3,563,3,2.39,3,1.53,3,1887,3,100.3,3,22.3,3
